timestamp,nanoseconds,roll,pitch
1730915974067494929,220786240,-1.594139466245925e-16,-1.1675765292357677e-16
1730915974172139713,160792384,-1.2946744572095554e-16,-1.222643001766329e-16
1730915974271246309,260797248,-1.2938393095599837e-16,-1.222690549225214e-16
1730915974370282636,360801856,-1.2930007326217513e-16,-1.2227377161273942e-16
1730915974472286186,460807744,-1.2921277934820836e-16,-1.222786202925701e-16
1730915974571194696,560812096,-1.2912674133333836e-16,-1.2228333804845752e-16
1730915974670406564,660814656,-1.290451760027959e-16,-1.2228775448855704e-16
1730915974772061062,760820032,-1.2896085499649334e-16,-1.222922627802991e-16
1730915974871155483,860823616,-1.2887912051579867e-16,-1.2229657713278e-16
1730915974970665251,960828480,-1.2879869333377103e-16,-1.223007690107714e-16
1730915975072165323,60833856,-1.2871500508874928e-16,-1.2230507455472838e-16
1730915975171290919,160839232,-1.2863372827765834e-16,-1.2230920108035409e-16
1730915975270459092,260842560,-1.2855247992237314e-16,-1.223132720422669e-16
1730915975372366342,360847168,-1.284723949037714e-16,-1.22317231767356e-16
1730915975471192300,460847424,-1.283908647217829e-16,-1.2232120895515747e-16
1730915975570752911,560852032,-1.2831183854291062e-16,-1.2232501200733858e-16
1730915975672264681,660857920,-1.2823176851011023e-16,-1.2232881310530106e-16
1730915975771350297,760863552,-1.281569982362364e-16,-1.2233231518591185e-16
1730915975870627572,860868672,-1.2807891581553809e-16,-1.223359235133684e-16
1730915975972261045,960867904,-1.280026575783049e-16,-1.2233939933650316e-16
1730915976071253295,60873792,-1.2792622168488196e-16,-1.223428354588511e-16
1730915976170604434,160878656,-1.278483818992023e-16,-1.2234628551599358e-16
1730915976272151158,260877120,-1.2777115903460843e-16,-1.223496591984176e-16
1730915976371065138,360880704,-1.2769620429974807e-16,-1.2235288708987457e-16
1730915976470525410,460886080,-1.2761827700698913e-16,-1.2235619421847545e-16
1730915976572295063,560892480,-1.2754308178277882e-16,-1.2235933826678382e-16
1730915976671192669,660897344,-1.2746971139116785e-16,-1.2236236139654425e-16
1730915976770754083,760900672,-1.2739681399578785e-16,-1.223653213946872e-16
1730915976872315767,860907072,-1.273213568653528e-16,-1.2236833951482679e-16
1730915976971333816,960912448,-1.272477760976303e-16,-1.2237123770528658e-16
1730915977070613788,60916544,-1.271747715549596e-16,-1.223740694075312e-16
1730915977172342584,160922944,-1.2710256048266912e-16,-1.2237682742437867e-16
1730915977271241531,260928320,-1.270283877469365e-16,-1.2237961593926042e-16
1730915977370604205,360932416,-1.2695815492467533e-16,-1.2238221483922255e-16
1730915977472041053,460930880,-1.2688960321558576e-16,-1.2238471260905166e-16
1730915977571755567,560935744,-1.2681663426441252e-16,-1.2238732908253573e-16
1730915977670615729,660937536,-1.2674516000127186e-16,-1.2238984972965424e-16
1730915977772371760,760942144,-1.2667693522822806e-16,-1.223922167941758e-16
1730915977871393530,860941120,-1.266067694630822e-16,-1.2239461148593125e-16
1730915977970511620,960945472,-1.265364788950635e-16,-1.2239697005923951e-16
1730915978072252075,60951616,-1.2646806519450363e-16,-1.223992268477228e-16
1730915978171354834,161957760,-1.2639927919582178e-16,-1.2240145732431396e-16
1730915978270618645,260960832,-1.263314417355645e-16,-1.2240361914436827e-16
1730915978399548136,360966976,-1.2626248855500882e-16,-1.224057779524743e-16
1730915978470553831,460959552,-1.2619491760586014e-16,-1.2240785576663893e-16
1730915978572799423,560964928,-1.2612621031757357e-16,-1.2240993024149501e-16
1730915978671506314,660973632,-1.2606053642897607e-16,-1.2241187704854287e-16
1730915978770646299,761981312,-1.259930145020065e-16,-1.2241384187116606e-16
1730915978872321904,860979520,-1.2592908328167495e-16,-1.2241566785313762e-16
1730915978971680135,960989504,-1.2586227166662486e-16,-1.2241754039722442e-16
1730915979070715045,60997952,-1.257974822659275e-16,-1.2241932141253882e-16
1730915979172472043,161004096,-1.257334043177932e-16,-1.2242104911899522e-16
1730915979271207519,261013824,-1.2566916037745908e-16,-1.2242274760673608e-16
1730915979372689834,361022272,-1.256052669300405e-16,-1.2242440336721217e-16
1730915979471327700,461031488,-1.0211380904590354e-05,0.0006904583698996588
1730915979570855516,561040448,0.00015928219704351804,0.00030633070249881205
1730915979672804966,661045312,0.0003468974797159322,0.0005970755663203944
1730915979771658110,761055296,-1.2246467991473535e-16,-1.224646799147353e-16
1730915979870802239,861062720,0.0003440084550079836,0.0005987447194807203
1730915979972683493,961068864,0.0007477286069582902,0.0003951681066214044
1730915980071309557,61078336,0.0006401631060889513,0.0002588983500644058
1730915980170447728,161087040,0.0007699429577910995,0.0003499193539163432
1730915980272328709,261093440,0.000685186502184193,-0.00035576116172302615
1730915980371649822,361102656,0.0006310910186712767,0.0002802877718991958
1730915980470619634,461112128,0.002340199633257945,0.0017283916493835989
1730915980572430502,561110848,-1.2246467991473535e-16,-1.224646799147353e-16
1730915980671333784,661121600,0.0025075393133017444,0.0005184213927283801
1730915980770709267,761130560,0.005800874795621744,-0.00029356768012849763
1730915980872550181,861136192,0.0018670014756082209,0.0008976878279721531
1730915980971598212,961146688,0.004022890983360368,0.0015145383991771104
1730915981070677212,61155648,0.0060982617094222655,-0.0016928335911285276
1730915981172415508,161161792,0.0023600826411298457,0.0006248827277645309
1730915981271179423,261172032,0.0022037004841873368,-0.0017006821791692671
1730915981370952562,361179712,0.008466641644854925,0.0036812427350861304
1730915981472467673,461186112,0.007754480779578725,0.0008155191874010013
1730915981571626427,561196864,0.004800538287896917,-0.0020038562509375334
1730915981670751809,661206080,0.006737225237572293,0.004478430229869449
1730915981772550657,761204288,0.004219241960278219,-0.002599077471105499
1730915981871253125,861215040,0.0036598196865741898,0.003976447765476844
1730915981970841980,961224256,0.002599090224507578,0.001993385158483852
1730915982072547653,61230656,0.0043213380417497374,0.005031359583467512
1730915982171624021,161238592,0.012466231694734025,-0.0016330223852208273
1730915982270365252,261246784,0.00835722025177852,0.0006095504307910276
1730915982372740933,361251904,0.0048853745858744154,0.010217851561392089
1730915982471817255,461258560,0.004413504359531909,0.002117101547766387
1730915982570761102,561264960,0.00791962039587831,0.007175253225718296
1730915982672539067,661270080,0.015988119462686683,-0.0026912742016151777
1730915982771599090,761279296,0.019571774492780337,0.002259287692711508
1730915982870626286,861287232,0.024850912770299844,0.007436288468982166
1730915982972502509,961293120,0.026423172251866443,0.008692062555461809
1730915983071253621,61302848,0.02398264275967788,0.005218511743085362
1730915983170440801,161311808,0.028529738944267448,0.007115864060891325
1730915983272201097,261318208,0.03203883612180318,0.006099607030009085
1730915983371462123,361328448,0.026508447150298774,0.008929868738500532
1730915983470534248,461337408,0.033211242709952134,0.011388270952434212
1730915983572524134,561343808,0.03445546488452688,0.009671661415379697
1730915983671352383,661353280,0.0330761682323467,0.006936725782999885
1730915983770953193,761362240,0.031198895603586903,0.012005354763631107
1730915983872741367,861368640,0.034075055064290885,0.00868139665668155
1730915983971759539,961377856,0.02791362116928856,0.00906642161998032
1730915984070575549,61385792,0.03371043261179375,0.010128999671910156
1730915984172744440,161391936,0.032593495034476436,0.008860830062150724
1730915984271950570,261400128,0.03455428561832626,0.013706592319072298
1730915984370686406,361404736,0.03558288731148131,0.00679394359834027
1730915984472641085,461402688,0.034444902536276814,0.008861342729299752
1730915984571706208,561412928,0.03373097557087161,0.009965063230492866
1730915984670723207,661420608,0.03555870105343835,0.013066932321184598
1730915984772530637,761426240,0.03046766477952852,0.007166560430375725
1730915984871857073,861435456,0.033700214533174254,0.009445145319748282
1730915984971067467,961441600,0.03294744689739262,0.005837567965973457
1730915985072934625,61446208,0.033324557664124836,0.01069565316354865
1730915985171710929,161454400,0.031065534855873152,0.00782262648169642
1730915985270770852,261461056,0.028598811495372498,0.007013797651435058
1730915985372846449,361459776,0.029592604330242665,0.007173233679296958
1730915985471846486,461468224,0.032319943034581945,0.007416783071930478
1730915985571480739,561474624,0.02744776651209681,0.004717138969820118
1730915985672602015,661481792,0.030037070285301653,0.011923986443016078
1730915985771608835,761491008,0.023558096085578642,0.005754163262759359
1730915985871204845,861499712,0.02991741302968777,0.006892410687202645
1730915985972608219,961502528,0.026707429825260014,0.0070507506543373
1730915986071724377,61510464,0.026629301322199553,0.013537788168144629
1730915986170967689,161514048,0.022562975823298706,0.008828399507715266
1730915986273068886,261518400,0.027780214428468786,0.004457193811344614
1730915986371543504,361526336,0.025663868441450268,0.01008728139308712
1730915986470878277,461535296,0.022794305367347518,0.010264775673810931
1730915986572708583,561533248,0.021756708121500344,0.0074890787135448444
1730915986671826670,661544000,0.019307449705724674,0.003751095894888855
1730915986771392045,761552704,0.02525344034379704,0.008270213936992787
1730915986872691613,861550912,0.022283736894457885,0.0006627259088477442
1730915986971828308,961560128,0.022961177436158567,0.002665587715069278
1730915987071065423,61567296,0.027998596730912918,0.004346549538692132
1730915987172752087,161573952,0.021892566567511713,0.008664661567029846
1730915987271633295,261584192,0.025844107817887558,0.005196080062614442
1730915987371008226,361591616,0.023431788188175085,0.0033203644662047633
1730915987472642806,461598016,0.023968039422544916,0.008173556163644626
1730915987571625758,561606976,0.02308083522423554,0.003927749784721195
1730915987671046457,661615168,0.027543649926770428,0.007425579552828639
1730915987772966737,761621312,0.024039270443968596,0.004194863460211221
1730915987871709737,861630272,0.026637551107116644,0.004464487664250344
1730915987971592413,961639232,0.023737254174832717,0.004691721265669088
1730915988072609191,61645376,0.02354233668764743,0.0026275402704932947
1730915988171939834,161653568,0.022218518840510952,-5.8922516449634004e-05
1730915988270855193,261661504,0.026935309978113994,0.0036109902652578644
1730915988372557175,361665344,0.02230313816239357,0.0011151000236654539
1730915988471631230,461674304,0.0258923483279664,0.006114075769503656
1730915988571124505,561682496,0.02386416633688422,0.0020697891513565565
1730915988672852125,661688640,0.026051153361265525,0.007352199075456227
1730915988772068848,761697600,0.020917358731555796,0.0033800502754609543
1730915988870835016,861704256,0.024679701604316602,0.006107997067131106
1730915988972726254,961710400,0.02335664932255485,0.004185943708068935
1730915989071679087,61721152,0.02150438218300344,0.00634778200499709
1730915989170935392,161730112,0.0236991124066009,0.0044326589793871485
1730915989272807345,261728320,0.024665770272892164,0.005795088233689442
1730915989371982252,361729600,0.02447762906171814,0.0062270609735050435
1730915989470999896,461739072,0.022366384414885074,0.0035506435988282713
1730915989572998741,561737536,0.025341090150721318,0.0036278595877918453
1730915989671832327,661748032,0.020447792037807066,0.002483834248624441
1730915989771172574,761756992,0.026025976917263632,0.004344590291322217
1730915989872923999,861762880,-0.03094443506764995,0.32782660027752436
1730915989972194424,961772608,-0.024122113207127784,0.30081374476942335
1730915990071308508,61780800,-0.02192594758055751,0.2709875193732555
1730915990172778366,161779008,-0.017094074642240668,0.22274199714467802
1730915990271693670,261788736,-0.007710515206701928,0.18289275827603696
1730915990370807389,361794368,-0.0058926782875897196,0.14208494346627693
1730915990472789721,461800512,0.0020648683989176794,0.10949422094340046
1730915990571775166,561809472,0.0025433226384327197,0.08531235842693083
1730915990671365734,661818432,0.005916248161895065,0.05718765513225963
1730915990772872802,761816640,0.012142283626080457,0.03207754387463293
1730915990871923723,861825088,0.014197114860222007,0.010660543879697401
1730915990970987964,961823552,0.021413716453440385,-0.003884871289876175
1730915991072960834,61829440,0.02456828394502562,-0.017883248744023646
1730915991171894666,161837376,0.022252662914403504,-0.029175699000100377
1730915991271155241,261846080,0.025833651727380516,-0.04737553566327558
1730915991372815043,361843776,0.025505906873102016,-0.05165096542010506
1730915991471913390,461853760,0.030838313527823746,-0.06287342255171617
1730915991571535741,561861184,0.030020989672494607,-0.0715326887024304
1730915991672979172,661863488,0.040367232385581014,-0.0825401071998064
1730915991772087884,761872192,0.03898225529993408,-0.08277453755994203
1730915991871528916,861879616,0.03960861120278573,-0.08728768974160114
1730915991973187940,961883968,-0.35552663244918,-0.08290966655488899
1730915992071801667,61888576,-0.32838298724867315,-0.06903938388523198
1730915992171083913,161896000,-0.2723349542209216,-0.0780984910543356
1730915992272786854,261901888,-0.21531759993713026,-0.07583779393568894
1730915992371766945,361909568,-0.165706216374733,-0.06868646065885345
1730915992471027665,461917760,-0.12114377513750023,-0.06417491348174431
1730915992573021758,561923648,-0.07828640331769347,-0.053015310012636326
1730915992672122956,661932096,-0.046436930800393704,-0.0418501888845662
1730915992770990333,761939264,-0.018433323482839967,-0.033102689065489146
1730915992873209984,861944896,0.006686104145565307,-0.027423274329552567
1730915992972111643,961954112,0.032800315915326686,-0.016016961218559597
1730915993071073992,61961024,0.050852583136514196,-0.0006788716522412446
1730915993173117647,161967424,0.06699017422424454,-0.0004445282975923505
1730915993272086981,261975616,0.08427332689843173,0.01349128095153171
1730915993371506361,361983040,0.10283864207649639,0.012429215413373655
1730915993472946773,461988416,0.11522437752360462,0.031857602402756535
1730915993572155180,561997632,0.12457262736006963,0.025301010850160125
1730915993671036935,662004032,0.12559548374346427,0.04019599525007627
1730915993773208272,762010176,0.13373476148426708,0.04518538312230034
1730915993871811104,862017088,0.1401270265392116,0.03946614903353615
1730915993971975542,962025280,0.14268551341904936,0.04254938627456444
1730915994073042609,62029376,0.13909406559337906,0.05025601226872927
1730915994171964014,162037056,0.1351622318024856,0.04559376658640986
1730915994271184991,262046272,0.13096033399036539,0.04509230385236425
1730915994373024888,362052160,0.12552233706727123,0.038515734259529436
1730915994472032487,462062400,0.11562892046948832,0.03930594142834932
1730915994571427108,562069824,0.10899305551113346,0.04072945048655274
1730915994673060302,662068288,0.09589893916642808,0.035358528657764954
1730915994772102294,762078016,0.08569537015798959,0.02777725899765516
1730915994871494765,862086464,0.06741222251650836,0.01937323963484174
1730915994972778731,962092864,0.06111881406551647,0.01743463142777777
1730915995072855369,62102336,0.042298417314353146,0.012073586562804904
1730915995171137374,162106688,0.03217887619155897,0.0036956706198548704
1730915995273158956,262104640,0.018929542860647363,-0.0009899836796307124
1730915995371878532,362113344,0.009737930400349046,-0.0043747574106528225
1730915995471293646,462122304,-0.002801885729103956,-0.01249736226434588
1730915995573086499,562128960,-0.006872229655943803,-0.42325227928858034
1730915995672024634,662137664,-0.014254730502173794,-0.39085401727368607
1730915995771625979,762145344,-0.01770813734815381,-0.3621607862924731
1730915995873225166,863150976,-0.027830851249959324,-0.30957058897492484
1730915995972288083,962159680,-0.029211713880372286,-0.25674020863297575
1730915996070788627,62167616,-0.02829237174723595,-0.20870029289506725
1730915996173627258,162173248,-0.02630839712080174,-0.16741144427982346
1730915996272142072,262183232,-0.0305143219160696,-0.13257856971686877
1730915996371413072,362190144,-0.023990331844437558,-0.0941012075832829
1730915996473069921,462195520,-0.02119756802253878,-0.06099951875045302
1730915996572192035,562205760,-0.008192677447413546,-0.02955158100861776
1730915996671325649,662212928,-0.002856696256643051,-0.01266977895847033
1730915996773190197,763219072,0.0020959530975279304,0.014319973968175626
1730915996872104583,862227776,0.003754653201601327,0.03913639510301776
1730915996971661349,962234688,0.00784202779768184,0.06172873971543867
1730915997073214592,62240576,0.023119882614912428,0.08827169740571042
1730915997172718751,162249792,0.03430977050422542,0.10214756802112557
1730915997271017228,262255424,0.040737874722511086,0.112169529048835
1730915997372985340,362252864,0.04475465405142549,0.12532608349619584
1730915997471989384,462262080,0.04930302195804711,0.13762586107398264
1730915997571235441,562270272,0.05751268125466447,0.1484991416520194
1730915997673252835,662277184,0.05844964649052601,0.14808738892394918
1730915997772111948,762285632,0.06479819039671222,0.14864515038646273
1730915997871513264,862294848,0.06086215708958282,0.14709749479058845
1730915997973191943,962301248,0.06243695921244851,0.14624007501932576
1730915998072230233,62310976,0.0649783776616218,0.14130259911255838
1730915998171200623,162319168,0.06190107307127339,0.1281163279375325
1730915998273233395,262324544,0.06170900668752667,0.12100590570539105
1730915998372277299,362331968,0.0575433144616016,0.11046889758916424
1730915998471280912,462337856,0.055624591472981925,0.09329195418031787
1730915998573019632,562343232,0.048489789476936315,0.07760737178519854
1730915998672327999,662352448,0.04419338503289581,0.06274873266676409
1730915998771628748,762360640,0.04078074429426854,0.05037384781303618
1730915998873295858,862358080,0.035939692149218494,0.03446509878055948
1730915998972291714,962366528,0.030965142958521714,0.01699726923615858
1730915999071421821,62374464,0.0266217330431331,0.008107568468417517
1730915999173460328,163379584,0.019825505576518878,-0.010167151068100832
1730915999272005666,262387520,0.024224974580166758,-0.02181399329880288
1730915999371476504,362395456,0.020350675432641574,-0.02630725344990636
1730915999473414171,462401344,0.011314497127028835,-0.03659518647945475
1730915999572056338,562410304,0.011681849097806967,-0.04724865283638671
1730915999671511949,662418496,0.3965713091045853,-0.056337739472644074
1730915999773202806,762416704,0.3724250040144665,-0.05010046850697632
1730915999872062283,862425664,0.31463905790017394,-0.05263865306768598
1730915999971956687,962434368,0.258321492410725,-0.05581136275896042
1730916000073190474,62437696,0.21301014134004295,-0.0588265413193224
1730916000172580303,162447424,0.17355600529755338,-0.05590139194340853
1730916000271692160,262455360,0.12934529583094206,-0.05653366242522822
1730916000373287465,362460992,0.09743274053337152,-0.04802470330526831
1730916000472121343,462470976,0.06607870623307717,-0.04033861458375316
1730916000571858593,562479936,0.040591863258779476,-0.041686049982059305
1730916000673052957,662478144,0.015342517544248294,-0.02802119091461656
1730916000772188569,762486592,-0.0027655147733371406,-0.013509043597370964
1730916000871768107,862494528,-0.022626944737421342,-0.024985994128457624
1730916000973372927,962500928,-0.03874006283929324,-0.0024427712853004233
1730916001072291191,62509376,-0.04958091370911535,0.009903822017694361
1730916001171409334,162516032,-0.06094429589705574,0.005003408536922677
1730916001273459059,262521408,-0.06692983207113758,0.024615934941995155
1730916001372466234,362529600,-0.07763919957103924,0.023930403262802262
1730916001471500452,462536512,-0.07813132577891188,0.030273039396783222
1730916001573096141,562541632,-0.0950792801772168,0.03381100063254927
1730916001672332477,662551104,-0.08425946775482,0.4420203038630347
1730916001771635820,762559808,-0.08023376475768394,0.4078145269853026
1730916001873220857,862566976,-0.08169002779244922,0.38753716043196135
1730916001972417915,962577216,-0.07871077703595933,0.32280209336939664
1730916002071641389,62584384,-0.0807265312894854,0.2698127262538111
1730916002173215125,162582080,-0.07426680809144627,0.22444138148858958
1730916002272393424,262592064,-0.06950957118378968,0.18157004748447156
1730916002371647338,362599744,-0.058080375143804,0.1415721434545101
1730916002473370740,462597184,-0.047048325073332786,0.10848241782323338
1730916002572413688,562607168,-0.0323923916061711,0.06773729784895062
1730916002671807988,662615104,-0.024497910934229834,0.04869211186644358
1730916002773726786,762620992,-0.009897707778986877,0.02025780487354044
1730916002872488571,862629184,0.0004361165989336759,-0.01028532083514019
1730916002971695564,962636096,0.007623159820958545,-0.031013356963127105
1730916003073362752,62641728,0.025102346663632317,-0.05150304173132038
1730916003172401356,162651712,0.03158191138693523,-0.07238747024500251
1730916003271442284,262660672,0.040545047149259446,-0.08997861940136663
1730916003373170785,362666048,0.04493286973631387,-0.09956454156318276
1730916003472412006,462676032,0.052200863103555706,-0.11222422346929573
1730916003571522063,562683200,0.05869334973006104,-0.11815796209732361
1730916003673299585,662680896,0.06533657167312305,-0.12648495051018233
1730916003772423489,762690624,0.06525377744327886,-0.12667087135366695
1730916003871693314,862696768,0.07156511874567649,-0.12175394424371334
1730916003973362875,962703936,0.08012540044852723,-0.12037466467146642
1730916004072371880,62713152,0.07704165436494465,-0.11167420620437282
1730916004171415680,162720064,0.0776763449029326,-0.1056534053131566
1730916004273394912,262717504,0.07584670610191409,-0.09594873496230558
1730916004372546355,362725184,0.07578147540188811,-0.08136486215886014
1730916004471604056,462731840,0.06821441171484866,-0.0681838769485552
1730916004573482356,562729280,0.05816898097225945,-0.05594208083656223
1730916004672613687,662738496,0.058172553826458126,-0.0435255055630677
1730916004771730555,762746176,0.050907828004191934,-0.02626651564327944
1730916004873562043,862743872,0.04218467742981196,-0.014393394421130969
1730916004972533081,962752832,0.037178314409626746,0.005741886767066435
1730916005071269450,62751040,0.02221054357118714,0.015729764387923475
1730916005173483238,162748480,0.01674542105401351,0.02754379427289375
1730916005272373578,262757440,0.004744414425393585,0.03994084496923994
1730916005371478099,362766144,-0.0008376391562883008,0.04691631586516799
1730916005473291204,462772032,-0.010764580522259226,0.05636802168197172
1730916005572703325,562781248,-0.4239628820223494,0.05715931825170441
1730916005671356360,662788672,-0.38427385865693015,0.06444806800030826
1730916005773340952,762793792,-0.3721739649050872,0.06036793428821876
1730916005872415631,862802240,-0.3108850658373294,0.06258523521527912
1730916005971744665,962809664,-0.26423763365362946,0.061854368206851286
1730916006073739140,62814016,-0.2225263043032362,0.06545076058649799
1730916006172649093,162820928,-0.18610013398865935,0.05796689933235306
1730916006272040605,262827584,-0.1419284738530565,0.05545792833043266
1730916006373432498,362832704,-0.10900255862730482,0.049300725857439776
1730916006472190052,462841152,-0.07510336236131379,0.03842341581702374
1730916006571666568,562849856,-0.05202428940320863,0.03196182446428821
1730916006673511353,662847296,-0.02089105493822548,0.0280068894670029
1730916006772382213,762855232,0.008077906640844769,0.02274036623435529
1730916006872221937,862862144,0.031224123900668168,0.0001632385250718997
1730916006973614542,962859072,0.052197957786672605,0.003989985294490115
1730916007072563043,62866240,0.07401649000008977,-0.011676065276487206
1730916007171720708,162874176,0.09969211346545881,-0.008276164808568316
1730916007273621945,262871616,0.11393650595065127,-0.021637545913807517
1730916007372692552,362881088,0.13541089991271946,-0.025893366634308957
1730916007471540140,462889280,0.143698598925914,-0.017567361223003307
1730916007573615187,562894656,0.1599581331628032,-0.030501924235604494
1730916007672305404,662902592,0.16472987467497843,-0.025309804493046924
1730916007771626831,762911040,0.16814909925675936,-0.02388981841321167
1730916007873334463,862908224,0.16913311053427196,-0.034304477555385716
1730916007972621744,962917184,0.17212323561363788,-0.0224697813095388
1730916008071888490,62923072,0.17216794980788633,-0.02176022105006763
1730916008173641833,162929984,0.16462328945803656,-0.015318323208199989
1730916008272350279,262938688,0.1585616582500938,-0.011632200797108774
1730916008371680925,362947136,0.14410965463963402,-0.010101661355736802
1730916008473477110,462944576,0.1303637045138567,-0.010860031061663824
1730916008572494960,562954304,0.12066157051409385,-0.002440078269263297
1730916008671888004,662958656,0.10414847294999122,-0.0019827147698375756
1730916008773375982,762956608,0.09347984881853753,0.004573121985318336
1730916008872644139,862965568,0.07192286188854619,0.005491237585157845
1730916008971818473,962973504,0.06265899760211531,0.008177427298440601
1730916009073475975,62970432,0.043358638311792444,0.006778953646688885
1730916009172711166,162978880,0.03471525063878863,0.013090055662567709
1730916009271841369,262985280,0.011927449156999868,0.00991513231168268
1730916009373856871,362989376,0.0028818488082651026,0.013453727737742472
1730916009472826497,462997056,-0.01067347861838807,0.011029220376156756
1730916009572315496,563003456,-0.02086677410900729,0.015010148392181942
1730916009673631493,663007808,-0.02325067431705091,-0.37167883137819846
1730916009772891073,763017024,-0.030307457325583115,-0.3506778227985987
1730916009871755109,863022400,-0.037957650817310534,-0.3116305940291564
1730916009973646600,963028032,-0.04312455908168405,-0.25213601176965034
1730916010072881630,63036736,-0.044393028061757336,-0.19993902678010395
1730916010171946121,163042880,-0.04765777060038814,-0.15806073955249944
1730916010273501725,263048768,-0.046293927648488026,-0.12592611221096403
1730916010372810649,363057984,-0.039508123599051155,-0.08376214873527671
1730916010471771573,463064384,-0.03000165758770731,-0.05407812611180377
1730916010573604913,563069760,-0.020130205845592032,-0.031832566242277774
1730916010672368211,663079232,-0.02241107714092773,-0.007866315925536767
1730916010771878921,763086144,-0.00577567157175225,0.011760399778172828
1730916010873485087,863093056,0.0014967704320589408,0.029122850688275203
1730916010972541119,963101504,0.00827739055283186,0.045893192180041675
1730916011072063409,63109184,0.017575692289954644,0.06611011084724774
1730916011173924199,163113792,0.024439495706386608,0.07998611916817598
1730916011272613510,263117120,0.03815501502472355,0.09648507639718253
1730916011371701083,363124544,0.045197162493706165,0.10028716916892082
1730916011473937270,463129920,0.04207172565995829,0.10887369262872705
1730916011573046686,563138112,0.04808326416192954,0.12462712060755941
1730916011671731375,663141184,0.055206609032511865,0.12450488571809448
1730916011773621237,763148352,0.05708127567461324,0.12843480568584548
1730916011872472960,863157568,0.06266143032016504,0.12223130872444804
1730916011971697460,963164224,0.4385315134425566,0.12462593476387662
1730916012073508507,63169600,0.4123470452399976,0.12084543705062605
1730916012172829241,163178560,0.36046846564659873,0.1057904274203944
1730916012272096005,263187008,0.306558133876612,0.10354470571812459
1730916012373675548,363192896,0.2578056492860755,0.09590595594829167
1730916012472525176,463201344,0.21672044905538307,0.09107069959970877
1730916012571733848,563209792,0.171981500355832,0.07552922256261083
1730916012673959067,663215936,0.1297745706824677,0.06810252422044252
1730916012773166085,763224896,0.09450113952146216,0.050268769781580416
1730916012872128743,863226688,0.06281864891340096,0.038470415095422976
1730916012973947610,963232320,0.028041591536637267,0.029159261034566095
1730916013072682051,63241536,0.004553681103704718,0.015556631173389363
1730916013171931653,163248448,-0.01590773188914553,0.004302391594312791
1730916013273626991,263254080,-0.04115063912545475,-0.0042995820247387585
1730916013372781743,363261248,-0.060708687247360615,-0.01618344258991731
1730916013471691522,463263808,-0.08131253271817293,-0.02339350399556378
1730916013573624589,563268928,-0.08897673874174421,-0.02551537965761504
1730916013672505662,663278144,-0.10302729591497921,-0.03503988026218292
1730916013772107326,763286080,-0.11637265717493371,-0.035780443915379406
1730916013873858090,863288384,-0.12083025776376152,-0.0452481917163505
1730916013972781430,963296576,-0.12097010429096797,-0.04194920857804434
1730916014072194023,63304000,-0.1196017258487919,-0.04922054624233284
1730916014173844070,163307840,-0.11613889596175843,-0.04843459287101243
1730916014272880905,263316544,-0.10814871512900875,-0.040640557017761966
1730916014371926963,363323456,-0.1045904436338534,-0.044517876062662186
1730916014474297558,463330368,-0.08846553150742442,-0.04162327126391653
1730916014572757372,563337024,-0.07938245836472471,-0.036208850942815826
1730916014672006977,663343424,-0.061558864054189366,-0.03394115047330902
1730916014773716279,764350080,-0.04988195014050263,-0.026994256916627046
1730916014872746167,863359040,-0.028752523880279268,-0.018714153272120882
1730916014972026546,963366464,-0.01875886213667078,-0.012832791546502716
1730916015074857548,63371840,0.0013601019994245941,-0.000644282533734127
1730916015172639750,163380800,0.015991907393164407,0.003978089418771242
1730916015271932165,263388224,0.03245871109468175,0.013100087894613742
1730916015373736615,363394624,0.04851425881888502,0.023258055860744448
1730916015473075536,463401536,0.05223334322719349,0.030396335285171095
1730916015572430106,563409472,0.06153996328167208,0.44413743235506514
1730916015673939831,664415104,0.06590060589331695,0.412627966906158
1730916015772842280,763423296,0.13488036031473813,0.06791045977919466
1730916015872012810,863429952,0.13101772983841017,0.05189425894664939
1730916015974090909,963436096,0.13498756854133317,0.020002842155913487
1730916016072735031,63438400,0.12422103662826989,0.017751141441333242
1730916016171804528,163437632,0.11112233775092081,0.025055742911363893
1730916016272179040,264442496,0.1083944816775927,0.027657455260624245
1730916016373963523,363448384,0.09832582123591987,0.026264899478617165
1730916016473075245,463457088,0.08640341070105768,0.028476089146393112
1730916016571817272,563465536,0.07527654033781725,0.022958633121924102
1730916016673923312,663472192,0.06813496469740923,0.02108901461014157
1730916016772993635,763480128,0.05479066120110474,0.013128063439690163
1730916016872283293,863486016,0.041641587316975995,0.012430642327903705
1730916016973968243,963490880,0.03277785315679151,-0.00015100026873091787
1730916017073135061,63499840,0.02112826051886644,-0.007915248246904818
1730916017172280650,164507776,0.011002207355167652,-0.007817187948664341
1730916017274131241,263513408,0.0019622714971493033,-0.016661616267737742
1730916017372843631,363518784,-0.004487275227860193,-0.024179486701429574
1730916017472004357,463525952,-0.014309774121805842,-0.02474407194998238
1730916017573792776,563532096,-0.021295778220935792,-0.03157525768412619
1730916017672702035,663540288,-0.024271709124212608,-0.03131188114335532
1730916017771958961,763548480,-0.027968512747630347,-0.037942809639511126
1730916017873774766,863554368,-0.03275963224760842,-0.03746566264610386
1730916017972766352,963563328,-0.033620713712201884,-0.03439940277852773
1730916018071938036,63570752,-0.03383812490158946,-0.03954629631326596
1730916018174066933,163576896,-0.03466826689639546,-0.03885908697272663
1730916018272947038,263584320,-0.035671925966659,-0.03909686524871894
1730916018372044479,363590464,-0.029406878946718704,-0.03352880732989131
1730916018474146642,463595840,-0.03125915383775709,-0.028500028907432907
1730916018573184440,563604032,-0.03042272245503278,-0.02773117977913118
1730916018669360265,663610688,-0.02092045668492722,-0.024753780898796703
1730916018773985502,763615808,-0.019084166443552604,-0.021555771955199303
1730916018873190838,863623744,-0.0067257116521596,-0.013334624977331637
1730916018972509621,963630656,-0.007245684693565493,-0.008800056052809598
1730916019073842312,63635264,0.0019119101665345094,-0.0024004470004671697
1730916019172976447,163643200,0.009424681732860447,-0.0004747458516266249
1730916019272075479,263650368,0.012906271068311525,0.005129659188069099
1730916019373995555,363656768,0.017674579774664346,0.013078237775204506
1730916019472954992,463664192,0.01926634520259059,0.014417385830278703
1730916019572043075,563672128,0.024822835814279434,0.013900822493698822
1730916019673789645,663678784,0.03257100815354843,0.017533977041509746
1730916019773088115,763687232,0.03523343662044897,0.022559791484240074
1730916019872209199,863695424,0.036352515022741394,0.026232965060600116
1730916019973816519,963702080,0.03796970336404681,0.029220035013077822
1730916020072938760,63710272,-1.2239966566026974e-16,-1.224646626572959e-16
1730916020172373034,163717440,-1.2239966566026974e-16,-1.224646626572959e-16
1730916020274426596,263723840,0.03534254178234077,0.015097878971800276
1730916020373150821,363733056,0.043463763689527195,0.025465663972569042
1730916020472401575,463738688,0.0463606252378252,0.022221240702707645
1730916020574047231,563745344,0.051311136559076764,0.02510566310628532
1730916020673235009,663741760,0.05067980724765061,0.023450436428750988
1730916020772688902,763748416,0.04367674454949018,0.025609160381608053
1730916020873866348,863754560,0.03555260502648188,0.025837101684126926
1730916020972973781,963761728,0.025620587011379564,0.014495068955691796
1730916021072306440,64768128,0.015420320655304418,0.007567593895753422
1730916021174100731,163774528,0.014596796684909374,0.008455644055297524
1730916021272875353,263783232,0.01117218627317599,0.00839364155580264
1730916021372325101,363790656,0.00573164944377878,0.010565643215238535
1730916021474230605,463793472,0.006460459083568844,0.0054905863975391895
1730916021573097717,563801920,0.0034425664284039987,0.0066734664873077405
1730916021672154977,663808832,0.029413555152811563,0.004230384982664266
1730916021774160691,763814208,0.05399080459457464,0.01047496391778363
1730916021873261203,863821632,0.04426187300361944,0.00883026978450853
1730916021972227673,964828800,0.011805354479896387,0.005258271833217796
1730916022074276152,63833920,-0.014626580212464236,0.002167336570396722
1730916022173167377,163841088,-0.003693011506987425,0.00513967369355688
1730916022272202959,263846976,-0.0007894727971229522,0.007780193613624603
1730916022373891973,363853120,0.009292967181095301,0.007393821744038535
1730916022473152324,463861056,0.008809006374493944,0.0023177127424725903
1730916022572326173,563864384,0.05072116026902064,0.008203409398147274
1730916022674403150,663870528,0.07721593781251455,0.007140578287238709
1730916022773220051,763878976,0.06461527671505779,0.003518205797224417
1730916022872305355,863882816,0.07053030049792264,0.004912730164129249
1730916022973990441,963888448,0.014412150497952221,0.008574167273934341
1730916023073170980,63892800,-0.015221361248730813,0.0031736781184968747
1730916023172289089,163900224,-0.026234940671145277,0.008540737774072264
1730916023274317713,263906368,-0.02368773066666607,0.0018692156207337632
1730916023373262683,363915072,0.013174768152199166,0.005502600705780339
1730916023472451978,463922752,0.10758589307924948,0.00655904462508106
1730916023574343915,563928896,0.12696852558224447,0.008532630830563406
1730916023673371153,663937344,0.11824828304346914,0.007395613084781361
1730916023772677940,763944512,0.10932783277307227,0.0033820478662075363
1730916023874244213,863949120,0.08392492600983947,0.0034310402773209403
1730916023973356872,963957056,-0.0009619486636346732,0.006012393660490242
1730916024072508942,63963712,-0.042467368944164544,0.0027979062041865767
1730916024174336857,163968832,-0.05367743083944292,0.006690758603735153
1730916024273045126,263974720,-0.05262613612547957,0.007114637792477021
1730916024372383635,363977024,-0.04116248981172955,0.008194131994465522
1730916024471399063,463980352,-0.03411185002202621,0.005246934420274668
1730916024573057135,563988288,-0.020175272742604198,0.002982488627602992
1730916024672333207,663995456,-0.0161680750323969,0.003575199703755725
1730916024774330217,764001600,-0.004560481230204492,0.007246830055693833
1730916024873488318,864008768,0.005025859749814101,0.003907962202898873
1730916024972416352,964014912,0.0165601793135083,0.007386049044479238
1730916025074197139,64021056,0.022125785557436432,0.004974386236524058
1730916025173302659,164029248,0.02101215217248399,0.00401916884288049
1730916025272344188,264036672,0.018753977594883644,0.0011302936079013969
1730916025374106604,364041024,0.02399021712388653,0.005125732832589371
1730916025473060402,464048704,0.019528491168504983,0.007126976198466992
1730916025572522372,564053824,0.019153468035402917,0.006420039867307483
1730916025674178284,664058944,0.02162323292718752,0.00802378911969767
1730916025773121930,764067648,0.021974305461845,0.009897550776439579
1730916025872608277,864075328,0.023700761609953165,0.007161635397454317
1730916025974448013,964080192,0.027174367922430748,0.00943739211081695
1730916026073228864,64087872,0.02315154056211029,0.009494328685982517
1730916026172676889,164094016,0.026702104867951562,0.012205656109148305
1730916026274277196,264098880,0.02609927363927313,0.014813931992798929
1730916026373160176,364103744,0.02499077430424265,0.01616128213425178
1730916026472745782,464110656,0.028635754868222306,0.01427540034951521
1730916026574517942,564115264,0.027972082889868716,0.014548777343682984
1730916026673610256,664121152,0.022472420038132972,0.011415433859757365
1730916026772797462,764125760,0.021319865073452134,0.013405875793641296
1730916026874299461,864129856,0.025248657561692367,0.010835635878858458
1730916026973577442,964137024,0.018241991390029934,0.009185149241267183
1730916027072435071,64139840,0.027794882776772858,0.006738458945584298
1730916027175235875,164145728,0.017553042779436825,0.011732213352419201
1730916027273698751,264154944,0.029416013797696705,0.015393434364107967
1730916027369358164,364156992,0.030872779982967696,0.006425853422781248
1730916027474536053,464162112,0.02479201068095389,0.010684113658916253
1730916027573523016,564168256,0.030088202258377033,0.009197933354372927
1730916027672644717,664174912,0.02584101769484003,0.010803532013429373
1730916027774518343,764178752,0.026830622484553757,0.007451067261262015
1730916027873375746,864185664,0.025280459005509195,0.009675917130558882
1730916027972155815,964192064,0.022737254225102175,0.008510549610588293
1730916028074349659,64198208,0.025859406252214844,0.009772027630930427
1730916028173430933,164204864,0.023376893996313708,0.007160681615329544
1730916028272500945,264211520,0.018651297729888328,0.0044345080768817425
1730916028374627348,364217152,0.018317860805801677,0.007921777388776622
1730916028473528659,464220736,0.018784931690280924,0.001890262645003915
1730916028572705070,564225856,0.019516766632082,0.0016138770133438457
1730916028674489433,664229696,0.01847236273498982,-0.004602322361344492
1730916028773177268,764237120,0.016305255697327183,0.0013743836977642041
1730916028872381624,864244544,0.018992827235442572,-0.0024921262066635065
1730916028974485137,964250176,0.019267341018819648,-0.0024897275609778893
1730916029073578052,64246592,0.020072772410703717,-0.0003793210215830874
1730916029172754649,164253248,0.01768697496724164,-0.002649282137659547
1730916029274447701,264257088,0.019237442034625202,-0.0063730554788209055
1730916029374032384,364265280,0.019794576933690505,-0.0038950128329918797
1730916029472513580,464272704,0.019615105167793197,-0.004402645240244128
1730916029574362248,564278080,0.02026590864700001,-0.00539222267890199
1730916029673591896,664286784,0.01924573981859962,-0.0035377324069211288
1730916029772553274,764292672,0.018429575059754535,-0.0043251413736388735
1730916029874380145,864297280,0.020284167992130526,-0.004615269382003232
1730916029973540004,964305728,0.020192635103835878,-0.004654864853407193
1730916030072707590,64311104,0.02163338850187174,-0.004800347481658621
1730916030174855154,164314688,0.021703961598187712,-0.004223528855577051
1730916030273648498,264320320,0.020613769892618546,-0.006026281092140667
1730916030372574218,364316480,0.021715828813967414,-0.004289037955365176
1730916030474414817,464321088,0.021684714896173022,-0.002145522058884437
1730916030573712793,564327232,0.024537129991574386,-0.0010197265939366857
1730916030672402959,664332352,0.023525425983769215,-0.002356631676282117
1730916030774400162,764337728,0.02400374381170232,-0.0009696262129267233
1730916030873244831,864343104,0.023566756758587635,-0.0010502144181142778
1730916030972483791,964350784,-1.2067289250032084e-16,-1.224515713434504e-16
1730916031074468625,64356416,-1.2074434267695908e-16,-1.2245259599700977e-16
1730916031173570987,164365120,-1.207276001271691e-16,-1.224523596360242e-16
1730916031272516129,264369216,-1.207511244169212e-16,-1.2245269108588218e-16
1730916031374429289,364375360,-1.207703030931072e-16,-1.2245295796265973e-16
1730916031473489145,464383040,-1.2077543336890218e-16,-1.224530288425973e-16
1730916031573073590,564388928,-1.207859826543649e-16,-1.2245317391609986e-16
1730916031674291350,664392256,-1.210718818536017e-16,-1.2245675947116795e-16
1730916031773379138,764400704,-1.2081918953439682e-16,-1.2245362464225706e-16
1730916031873208179,864407616,-1.208188384532816e-16,-1.2245361992404447e-16
1730916031974372895,964408896,-1.2085661825015525e-16,-1.2245412187550686e-16
1730916032073516744,64404800,-1.2090802356070345e-16,-1.2245478613600218e-16
1730916032172538076,164412480,-1.2092935992393857e-16,-1.2245505550668141e-16
1730916032274466584,264417088,-1.2093020632686282e-16,-1.2245506611580712e-16
1730916032373519648,364424256,-1.209458240887862e-16,-1.224552608245091e-16
1730916032472708222,464430400,-1.209556614151657e-16,-1.2245538244514423e-16
1730916032574390503,564435776,-1.2096067804583894e-16,-1.2245544416234396e-16
1730916032673712578,664443968,-1.2097341594275763e-16,-1.2245559994701936e-16
1730916032772782806,764450624,-1.2098379004160083e-16,-1.2245572584327047e-16
1730916032874621588,864454208,-1.2099859238125343e-16,-1.2245590395714999e-16
1730916032973634595,964461632,-1.2101433411484107e-16,-1.2245609141108215e-16
1730916033072749625,64468032,-1.21029312035971e-16,-1.2245626789050526e-16
1730916033174421494,164471360,-1.210462511833008e-16,-1.224564652705296e-16
1730916033273497580,264476736,-1.2106092974760814e-16,-1.2245663441433819e-16
1730916033372757832,364480064,-1.2107267671912545e-16,-1.224567685092253e-16
1730916033474725702,464484672,-1.210850844398358e-16,-1.224569089228706e-16
1730916033573811846,564491840,-1.2109967009947262e-16,-1.2245707237568115e-16
1730916033673268099,665497472,-1.2111710493900366e-16,-1.2245726547781213e-16
1730916033774722315,764500288,-1.2113373444445356e-16,-1.2245744734712427e-16
1730916033873753739,864506432,-1.211469267212201e-16,-1.2245759001850215e-16
1730916033974577098,964512064,-1.2116013954660528e-16,-1.2245773148742584e-16
1730916034073546725,64515392,-1.2117738856475816e-16,-1.2245791402599855e-16
1730916034172833419,164521536,-1.2119191241242197e-16,-1.224580658409385e-16
1730916034274480980,264525632,-1.2120587887312783e-16,-1.224582102047724e-16
1730916034373945517,364528448,-1.212222815260594e-16,-1.224583777161138e-16
1730916034472721152,464534592,-1.2123719767779097e-16,-1.2245852813902577e-16
1730916034574686534,564536640,-1.212528261425306e-16,-1.22458683796019e-16
1730916034673208353,664539200,-1.212695384263943e-16,-1.224588480406435e-16
1730916034774459055,764540224,-1.2128511526947125e-16,-1.2245899907261295e-16
1730916034873937143,864539456,-1.2130091932327723e-16,-1.2245915028246908e-16
1730916034972415574,964539712,-1.2131973744841573e-16,-1.2245932766991413e-16
1730916035074508214,64540224,-1.2133649111209164e-16,-1.2245948316338826e-16
1730916035173607619,164536384,-1.2135400875396524e-16,-1.2245964329603124e-16
1730916035272503751,264539200,-1.2136928629901725e-16,-1.224597809055905e-16
1730916035374431991,364539200,-1.2138777429583127e-16,-1.2245994488364978e-16
1730916035473429460,464538688,-1.214025047406537e-16,-1.2246007353630873e-16
1730916035572422129,564535872,-1.214220353114614e-16,-1.2246024138000805e-16
1730916035674535341,664535104,-1.2143961499023422e-16,-1.224603897940846e-16
1730916035773500287,764534592,-1.214566061738524e-16,-1.2246053084137562e-16
1730916035872718465,864536640,-1.2147455741952835e-16,-1.224606772970943e-16
1730916035974576874,964537152,-1.2149086735319675e-16,-1.2246080808043678e-16
1730916036073294098,64533312,-1.2150719794973923e-16,-1.2246093685296256e-16
1730916036172563391,164533824,-1.2152607829048615e-16,-1.2246108301664465e-16
1730916036274571180,264534080,-1.2154439094733616e-16,-1.2246122200449844e-16
1730916036373567636,364532544,-1.2156592421407572e-16,-1.2246138193246516e-16
1730916036472606467,464533568,-1.2158427820373265e-16,-1.2246151525865518e-16
1730916036574414758,564534080,-1.2160017526739733e-16,-1.224616285141322e-16
1730916036673307002,664532288,-1.2161740408198552e-16,-1.224617489270908e-16
1730916036772818115,764533312,-1.2163600579627124e-16,-1.2246187621388122e-16
1730916036874606863,864533312,-1.2165513402258551e-16,-1.2246200415666517e-16
1730916036973600396,964532544,-1.216746957553559e-16,-1.2246213190879257e-16
1730916037072639446,64533824,-1.2169634276968675e-16,-1.2246226963701971e-16
1730916037174490096,164533312,-1.2171576009119502e-16,-1.2246238992325967e-16
1730916037273420196,264531264,-1.2173435154631557e-16,-1.2246250220819785e-16
1730916037373063977,364532544,-1.217536759663817e-16,-1.2246261592830688e-16
1730916037474574753,464532288,-1.2177303134246175e-16,-1.224627267737863e-16
1730916037573572617,564530496,-1.2179373899563868e-16,-1.2246284197625686e-16
1730916037672603469,664531520,-1.218125782678741e-16,-1.2246294374242655e-16
1730916037774572655,764531008,-1.2183440087949912e-16,-1.224630580010001e-16
1730916037873635771,864530240,-1.2185565572819444e-16,-1.2246316554849782e-16
1730916037972809480,964531520,-1.2187344211751847e-16,-1.224632527107039e-16
1730916038074487484,64530752,-1.2189002071943717e-16,-1.2246333162799314e-16
1730916038173604687,165527424,-1.2190883937022508e-16,-1.2246341848857423e-16
1730916038273106876,264528960,-1.2192825680804374e-16,-1.2246350508159228e-16
1730916038374606148,364528448,-1.2194723035204858e-16,-1.2246358672098683e-16
1730916038473762551,464527936,-1.2196468642194003e-16,-1.2246365923458986e-16
1730916038572802927,564529472,-1.2198430000924217e-16,-1.2246373774209647e-16
1730916038674614003,664529728,-1.220040478256463e-16,-1.2246381361323467e-16
1730916038773589442,764527424,-1.2202459046057072e-16,-1.2246388915876754e-16
1730916038872645434,864528960,-1.220430066235732e-16,-1.2246395395484378e-16
1730916038974494283,964528192,-1.2206251699136435e-16,-1.2246401957963672e-16
1730916039073721062,64525888,-1.2208076800510065e-16,-1.2246407815463364e-16
1730916039172680545,164528192,-1.220973879696913e-16,-1.2246412912867872e-16
1730916039274532427,264527424,-1.2211841585525458e-16,-1.2246419038976124e-16
1730916039373637765,364526656,-1.2213871080728634e-16,-1.224642460915004e-16
1730916039472662710,464527936,-1.2215928450214002e-16,-1.224642991253391e-16
1730916039574596846,564528448,-1.2217850588421089e-16,-1.2246434555021646e-16
1730916039673592042,664526144,-1.2219633368398796e-16,-1.2246438591247264e-16
1730916039772696840,764526912,-1.2221449180182716e-16,-1.2246442435469468e-16
1730916039874575538,864526144,-1.2223701655580832e-16,-1.2246446830004846e-16
1730916039973658027,964524096,-1.2225840578947676e-16,-1.2246450619507605e-16
1730916040074039584,64524864,-1.2227719363662767e-16,-1.2246453639937603e-16
1730916040173276323,164523840,-1.2229545500771998e-16,-1.224645629949718e-16
1730916040274583326,265524352,-1.2231729846702438e-16,-1.224645912308021e-16
1730916040374713126,364522816,-1.2233809930204817e-16,-1.2246461449727865e-16
1730916040473696607,464519744,-1.2235631939196687e-16,-1.2246463197436105e-16
1730916040572822790,564521280,-1.2237556145686022e-16,-1.2246464748864893e-16
1730916040674600120,664521536,-1.2239605261079623e-16,-1.224646606858964e-16
1730916040773853882,764520256,-1.2241519145091437e-16,-1.2246466991549246e-16
1730916040872969769,864522816,-1.2243275087514528e-16,-1.2246467575245938e-16
1730916040974654947,964521536,-1.2245022771366387e-16,-1.224646790619747e-16
1730916041073474482,64520512,-1.224692426810879e-16,-1.2246467982973598e-16
1730916041173633909,164522304,-1.2248812344835222e-16,-1.22464677670826e-16
1730916041272866196,264524096,-1.2250702486275648e-16,-1.2246467259387074e-16
1730916041374679932,364523840,-1.225240165198586e-16,-1.224646655398441e-16
1730916041473424472,465522048,-1.2254456960606986e-16,-1.2246465385675898e-16
1730916041573030541,564522560,-1.2256484397898017e-16,-1.2246463895255157e-16
1730916041674543345,664519744,-1.2258363183995231e-16,-1.2246462214475683e-16
1730916041773996135,764518720,-1.2260197579382437e-16,-1.2246460295309888e-16
1730916041872288688,864520256,-1.226226114716119e-16,-1.2246457807971212e-16
1730916041974558648,964519232,-1.2264229740305988e-16,-1.2246455111029652e-16
1730916042073659571,64517184,-1.226602697438954e-16,-1.2246452372518872e-16
1730916042172704540,164518208,-1.2268003826356889e-16,-1.2246449055705975e-16
1730916042274579307,264517952,-1.2269889835457795e-16,-1.2246445593861516e-16
1730916042373648707,364515904,-1.227167364752177e-16,-1.2246442052330502e-16
1730916042472846031,464517696,-1.2273510107364817e-16,-1.224643813482736e-16
1730916042574648729,564517440,-1.2275504506899422e-16,-1.224643356847036e-16
1730916042674126468,664515904,-1.2277457613779142e-16,-1.2246428781873315e-16
1730916042772734731,764514112,-1.2279270327635226e-16,-1.2246424060636158e-16
1730916042874681583,864513088,-1.2281137753806707e-16,-1.2246418916310413e-16
1730916042973674876,964512064,-1.2283334482663143e-16,-1.2246412500320782e-16
1730916043073389507,64513088,-1.2285171969037385e-16,-1.2246406830916025e-16
1730916043174758964,164512320,-1.2287012553002045e-16,-1.2246400875551812e-16
1730916043273967792,264510528,-1.2288948106950708e-16,-1.2246394314490077e-16
1730916043372836604,364510016,-1.2290849596046244e-16,-1.2246387571008902e-16
1730916043474646370,464510016,-1.2292706689822707e-16,-1.2246380699984826e-16
1730916043573734637,564508736,-1.229463295573435e-16,-1.2246373275480522e-16
1730916043672958992,664509248,-1.2296547859317352e-16,-1.2246365594453834e-16
1730916043774489637,764507456,-1.229814481669868e-16,-1.2246358959785576e-16
1730916043874040362,864505408,-1.230002565455249e-16,-1.22463508786459e-16
1730916043972737348,964503104,-1.230192094316099e-16,-1.2246342443208707e-16
1730916044074639933,64501824,-1.2303889525132778e-16,-1.2246333370999587e-16
1730916044173678993,164500800,-1.2305759001355816e-16,-1.2246324462561527e-16
1730916044272999335,264503104,-1.230751699446449e-16,-1.2246315824990784e-16
1730916044374670767,364499008,-1.230933898797853e-16,-1.2246306606646112e-16
1730916044473693452,464498496,-1.231127040207023e-16,-1.2246296538699636e-16
1730916044573379336,564499008,-1.2313148130328765e-16,-1.224628645856645e-16
