timestamp,nanoseconds,x,y,z
1730994033694855891,693773632,,,
1730994033796324839,794775936,,,
1730994033896061033,893782336,,,
1730994033995883658,993788224,,,
1730994034096718520,93789760,,,
1730994034196066244,193793856,,,
1730994034294839021,293799232,,,
1730994034396764551,394801024,,,
1730994034495712032,494806400,,,
1730994034595460741,594812032,,,
1730994034696528726,694813568,,,
1730994034795801385,793818432,,,
1730994034895256142,893820736,,,
1730994034996364428,993822528,,,
1730994035096088534,93827648,,,
1730994035195564583,193833792,,,
1730994035296982291,294835072,,,
1730994035396014802,393840448,,,
1730994035495350201,493845568,,,
1730994035596897261,593849408,,,
1730994035695771157,693854272,,,
1730994035795796027,793859904,,,
1730994035897054986,894861952,,,
1730994035996446985,994866048,,,
1730994036094710873,93871168,,,
1730994036197169644,193873472,,,
1730994036296271146,293877824,,,
1730994036395541377,393882944,,,
1730994036496547799,493884992,,,
1730994036595122566,593890112,,,
1730994036695414279,693892160,,,
1730994036796445653,793894720,,,
1730994036895931907,893900352,,,
1730994036995668809,993905472,,,
1730994037096796801,94907520,,,
1730994037195895997,193912896,,,
1730994037295181771,294917504,,,
1730994037396473903,393920064,,,
1730994037495797351,493924928,,,
1730994037595360957,593931328,,,
1730994037696378736,693933120,,,
1730994037796511262,794939008,,,
1730994037894908866,893943872,,,
1730994037996745251,994945920,,,
1730994038095944262,93952320,,,
1730994038195093559,194958720,,,
1730994038296920380,293961024,,,
1730994038396187221,394967680,,,
1730994038495455469,493972288,,,
1730994038596893946,594974080,,,
1730994038696229703,693978432,,,
1730994038795531714,794984576,,,
1730994038896681298,893984576,,,
1730994038996024461,993989696,,,
1730994039095404323,93995328,,,
1730994039196821867,193997376,,,
1730994039296241029,294003520,,,
1730994039395390341,394008128,,,
1730994039496728190,494008896,,,
1730994039596334396,594014272,,,
1730994039695474920,695019392,,,
1730994039796833613,794023488,,,
1730994039896042879,895029888,,,
1730994039995131680,994035776,,,
1730994040097175831,95038080,,,
1730994040195898953,194044480,,,
1730994040295423156,295050112,,,
1730994040396672210,394051904,,,
1730994040496320824,494057792,,,
1730994040595446474,594063936,,,
1730994040696770132,694065472,,,
1730994040796323515,794071360,,,
1730994040895395689,895078016,,,
1730994040996652078,995079808,,,
1730994041095858796,94085696,,,
1730994041195477442,195092608,,,
1730994041296928277,294094400,,,
1730994041396155650,394100288,,,
1730994041495549457,494106688,,,
1730994041596754198,594109504,,,
1730994041696032703,694115648,,,
1730994041795356986,794122304,,,
1730994041896823459,895125376,,,
1730994041996002434,994132032,,,
1730994042095083049,94137408,,,
1730994042197397705,195139456,,,
1730994042296222834,295145856,,,
1730994042395606830,395146112,,,
1730994042496912969,494148160,,,
1730994042596606588,594152768,,,
1730994042695113815,694157632,,,
1730994042797138752,794159680,,,
1730994042896217040,894165824,,,
1730994042995466126,995172224,,,
1730994043096947881,95174784,,,
1730994043196660767,194177856,,,
1730994043295273187,294182208,,,
1730994043397209390,395182208,,,
1730994043495562710,494188352,,,
1730994043595572073,595192960,,,
1730994043696953083,694195008,,,
1730994043796308551,794199104,,,
1730994043895820648,894201664,,,
1730994043997102647,995203712,,,
1730994044096278734,95208832,,,
1730994044195360592,194215744,,,
1730994044296981852,295218816,,,
1730994044395936230,394223168,,,
1730994044495341571,494229568,,,
1730994044597373136,594231872,,,
1730994044696046000,695237504,,,
1730994044795337109,794242624,,,
1730994044896943080,895243904,,,
1730994044996178065,995248000,,,
1730994045095542262,94253120,,,
1730994045197222707,194255680,,,
1730994045296362882,294260544,,,
1730994045395743506,394265920,,,
1730994045496879612,495268480,,,
1730994045596609132,594271552,,,
1730994045695547649,694277184,,,
1730994045796870505,794279488,,,
1730994045896125527,894284864,,,
1730994045995422094,995288192,,,
1730994046096869093,94290496,,,
1730994046196466890,195296640,,,
1730994046295685577,295302784,,,
1730994046397090810,395305344,,,
1730994046496370892,494312256,,,
1730994046595383333,594318656,,,
1730994046697221315,694320704,,,
1730994046796055177,795327616,,,
1730994046895822868,894332224,,,
1730994046997014706,994334272,,,
1730994047096554758,95340672,,,
1730994047195520265,194346560,,,
1730994047297018277,295348608,,,
1730994047396275134,394355008,,,
1730994047495518857,495361664,,,
1730994047597128397,594365504,,,
1730994047696488788,694370112,,,
1730994047795637332,794375488,,,
1730994047897116633,894379840,,,
1730994047996819446,994385216,,,
1730994048095623727,94392896,,,
1730994048197329051,194395200,,,
1730994048296458555,294400320,,,
1730994048395464574,395406208,,,
1730994048497957646,495408768,,,
1730994048596241149,595414400,,,
1730994048695453226,694421056,,,
1730994048797296009,794423360,,,
1730994048896130140,894429760,,,
1730994048995589123,994435904,,,
1730994049097068374,94436672,,,
1730994049196585791,194441280,,,
1730994049295407016,294445376,,,
1730994049397338481,394447936,,,
1730994049496339782,494454848,,,
1730994049595290492,594460992,,,
1730994049697128624,695463296,,,
1730994049796987517,795468416,,,
1730994049895716053,895471488,,,
1730994049997111119,994474816,,,
1730994050096226539,94479424,,,
1730994050195574218,194485312,,,
1730994050296989498,295488128,,,
1730994050396611484,394493760,,,
1730994050495318975,494500416,,,
1730994050597639350,595502208,,,
1730994050696207566,695507584,,,
1730994050795319462,795515008,,,
1730994050897658466,894518592,,,
1730994050996254821,994524480,,,
1730994051095572198,94531648,,,
1730994051197915403,195534464,,,
1730994051296819399,294540352,,,
1730994051395935476,395540608,,,
1730994051497608143,494544960,,,
1730994051596386356,594548800,,,
1730994051695681423,694555200,,,
1730994051797413152,794557504,,,
1730994051896160038,894564416,,,
1730994051995559011,994570048,,,
1730994052097726723,94572096,,,
1730994052196338171,194577984,,,
1730994052295880394,295584384,,,
1730994052397401995,394586432,,,
1730994052496658468,495591040,,,
1730994052595901064,594596928,,,
1730994052698562529,695600512,,,
1730994052796560883,795606144,,,
1730994052896261826,894608960,,,
1730994052997431116,994611264,,,
1730994053096266108,94616640,,,
1730994053195815608,194622016,,,
1730994053297540451,294624064,,,
1730994053396316571,394629440,,,
1730994053495964403,494633280,,,
1730994053617952761,605637120,,,
1730994053696214565,695647616,,,
1730994053797159955,795655552,,,
1730994053896294568,895666048,,,
1730994053996412174,995678080,,,
1730994054095921822,95688320,,,
1730994054197480177,195696000,,,
1730994054296382428,295704960,,,
1730994054395845483,394714176,,,
1730994054497312096,495720832,,,
1730994054596359950,594731840,2.0837784177274443e-05,-2.1970272428006865e-05,-2.415318012237549
1730994054695753860,694737728,3.567337989807129e-05,-6.953477713977918e-05,-2.233596086502075
1730994054797255957,795745664,1.5175342014117632e-05,-0.00013884305371902883,-2.0518739223480225
1730994054896589944,895757184,-3.6635992728406563e-05,-0.00011641978926490992,-1.8701521158218384
1730994054995780852,995766656,-0.00016047358803916723,-0.00022219419770408422,-1.6884300708770752
1730994055097016833,95775616,-3.1539795600110665e-05,-0.0001225352316396311,-1.5067081451416016
1730994055196740026,194787136,-2.480149305483792e-05,-0.00029535291832871735,-1.3249863386154175
1730994055295944121,294796864,4.796087523573078e-05,-0.00042241811752319336,-1.1432644128799438
1730994055397157990,394804800,5.583167148870416e-05,-0.0008602380403317511,-0.9615423679351807
1730994055497854668,494813760,0.00013827680959366262,-0.000681757926940918,-0.779820442199707
1730994055596769861,594826560,0.00029303133487701416,-0.0014208197826519608,-0.5980985760688782
1730994055696065430,694836032,0.00042343736276961863,-0.0011012315517291427,-0.41637665033340454
1730994055797219944,794843968,0.0008260369068011642,-0.002100086072459817,-0.2346547394990921
1730994055896157095,894855232,0.0006357788806781173,-0.0012045145267620683,-0.052932821214199066
1730994055995961110,995864704,0.0013760298024863005,-0.002336096717044711,0.12878908216953278
1730994056097378094,94872384,0.000724169600289315,-0.0011109709739685059,0.31051117181777954
1730994056196544434,194882112,0.001734462333843112,-0.0025333762168884277,0.4922330677509308
1730994056295992650,294891584,0.0009786962764337659,-0.0017200231086462736,0.6312217712402344
1730994056397599103,394897728,0.002255406929180026,-0.003334271954372525,0.6293668746948242
1730994056496421649,494908224,0.0006832867511548102,-0.002011072589084506,0.6277648210525513
1730994056595866165,594916672,0.0018596589798107743,-0.004115688614547253,0.6262021064758301
1730994056697400778,694924096,0.0012196331517770886,-0.001631236053071916,0.6248258352279663
1730994056796615816,795934336,0.0027632147539407015,-0.0043267845176160336,0.6233639717102051
1730994056896400502,895944320,0.0014119863044470549,-0.002859079744666815,0.6219885349273682
1730994056997447565,994951744,0.002696341136470437,-0.0048219081945717335,0.6209632158279419
1730994057097338528,94963264,0.0012839585542678833,-0.0025465129874646664,0.619989275932312
1730994057196378595,194971456,0.002985975006595254,-0.005365729331970215,0.6191391944885254
1730994057297446577,295978624,0.0010219573741778731,-0.0022321343421936035,0.6185905933380127
1730994057396427668,394988608,0.002193346619606018,-0.0044438838958740234,0.6181067228317261
1730994057495920202,494997568,0.0007439881446771324,-0.0019039391772821546,0.6177099943161011
1730994057597016869,595004736,0.0008823781972751021,-0.0044094561599195,0.6173011064529419
1730994057695999209,695011904,0.00010752975504146889,-0.0021709799766540527,0.6170495748519897
1730994057795734406,795020864,0.0003859519783873111,-0.00428737374022603,0.6167486906051636
1730994057897579914,895028032,0.0005160748842172325,-0.002482640789821744,0.616196870803833
1730994057996381995,995038784,0.0011715024011209607,-0.005971836857497692,0.6158843040466309
1730994058095696107,95048768,0.00034722089185379446,-0.0020654320251196623,0.6144618988037109
1730994058198321671,195058496,0.001203948282636702,-0.006312036421149969,0.6131080389022827
1730994058297257141,295069248,0.0006392329814843833,-0.0019972561858594418,0.6102995872497559
1730994058396686838,395078464,0.002394589828327298,-0.005572974681854248,0.6060693264007568
1730994058497802241,495085888,0.0011582523584365845,-0.0017988443141803145,0.6000626087188721
1730994058596591799,596095872,0.004150059539824724,-0.005011713597923517,0.5928062200546265
1730994058696634849,695103808,0.0019419908057898283,-0.001710057258605957,0.5841021537780762
1730994058798152664,796109696,0.006382307503372431,-0.0045435428619384766,0.572475790977478
1730994058896581539,895120704,0.00250608311034739,-0.0011132359504699707,0.560134768486023
1730994058996125392,996130432,0.00759661803022027,-0.003191351890563965,0.5479792356491089
1730994059097567794,95138624,0.012713142670691013,-0.004721569828689098,0.5359019041061401
1730994059196579918,196149120,0.007311344146728516,-0.0015293121105059981,0.5235055685043335
1730994059295916467,295158592,0.01205720566213131,-0.0018880843417719007,0.5114458799362183
1730994059397758971,396166528,0.005654626991599798,0.0001479029597248882,0.49927377700805664
1730994059496681251,495176768,0.010624324902892113,0.0006441593286581337,0.48671281337738037
1730994059596721310,595185984,0.006386667490005493,0.0009014606475830078,0.4748246669769287
1730994059697852172,695193664,0.011980139650404453,0.0023283958435058594,0.4640454053878784
1730994059796624450,796203904,0.006840965244919062,0.002432584762573242,0.4535982608795166
1730994059896070046,896213376,0.012993773445487022,0.005025982856750488,0.44294512271881104
1730994059997657219,995220800,0.007313722278922796,0.0037041425239294767,0.4320169687271118
1730994060096409371,95230784,0.013397845439612865,0.007081902120262384,0.42062532901763916
1730994060196199167,196240768,0.00692516565322876,0.0036448000464588404,0.4086517095565796
1730994060297775372,295248704,0.012644910253584385,0.006578171160072088,0.3972203731536865
1730994060396672683,395259200,0.005970761179924011,0.0032955408096313477,0.3872905969619751
1730994060496124631,495268672,0.010767867788672447,0.006132197100669146,0.3781452178955078
1730994060597177778,595277120,0.005961304996162653,0.003597462084144354,0.3694189786911011
1730994060696645236,695287360,0.010838025249540806,0.006742155645042658,0.3601926565170288
1730994060795904271,795296320,0.0047018080949783325,0.0039045929443091154,0.3506901264190674
1730994060898305204,895304512,0.008271411061286926,0.0070823547430336475,0.34174036979675293
1730994060996753685,995316032,0.002904945518821478,0.0026273727416992188,0.3329664468765259
1730994061096206469,96324992,0.005851849913597107,0.005066299345344305,0.3242422342300415
1730994061197499164,196333440,0.0025094805750995874,0.0016063213115558028,0.31548643112182617
1730994061296413123,295343168,0.00519432732835412,0.002932464936748147,0.3072129487991333
1730994061395901259,396352640,0.0016335576074197888,0.0010933041339740157,0.2993875741958618
1730994061497686273,495360320,0.003713542129844427,0.002257728483527899,0.2913036346435547
1730994061596697522,595370816,0.0016751199727877975,0.0008883237605914474,0.28355181217193604
1730994061695789441,695380288,0.003704029368236661,0.0019580721855163574,0.27513813972473145
1730994061797980206,796387968,0.0021580695174634457,0.0006459712749347091,0.266751766204834
1730994061897254590,895395648,0.004843369126319885,0.0013641953701153398,0.258594274520874
1730994061996486086,995406144,0.0030613138806074858,0.0002167582424590364,0.2507145404815674
1730994062097619412,95413824,0.0068809702061116695,-2.9671191441593692e-05,0.24303162097930908
1730994062196805998,195424320,0.0035771906841546297,-0.000800442707259208,0.23600447177886963
1730994062295889801,296432256,0.007728892378509045,-0.001888537430204451,0.229783296585083
1730994062397877491,395440192,0.003411903977394104,-0.0010015725856646895,0.2239522933959961
1730994062496635904,496450688,0.007402764167636633,-0.0027066469192504883,0.21729671955108643
1730994062597423914,596460160,0.002662479877471924,-0.0012876391410827637,0.20995736122131348
1730994062697768704,696468096,0.007880419492721558,-0.004009687807410955,0.20276498794555664
1730994062796738824,795478080,0.002939090132713318,-0.0018156050937250257,0.19595956802368164
1730994062896116035,896487808,0.00901919323951006,-0.00549890985712409,0.18873870372772217
1730994062997878026,995495488,0.00246687070466578,-0.0022536516189575195,0.18166875839233398
1730994063096771454,95505216,0.0068862647749483585,-0.006599462125450373,0.17555928230285645
1730994063196861650,195514688,0.0022362396121025085,-0.0021836638916283846,0.1699601411819458
1730994063297735901,295522368,0.006665315944701433,-0.006256318185478449,0.1646113395690918
1730994063397220135,395532608,0.0018485605251044035,-0.0016058683395385742,0.15944242477416992
1730994063496133777,495542080,0.0053083403035998344,-0.004996085073798895,0.15361976623535156
1730994063597513003,596549504,0.008182906545698643,-0.007681894116103649,0.14792108535766602
1730994063696749157,696560512,0.004273529164493084,-0.003419208573177457,0.14219677448272705
1730994063796189488,796569728,0.007153220474720001,-0.005584752652794123,0.13698852062225342
1730994063897932446,896578176,0.003739419626072049,-0.002107560634613037,0.13162732124328613
1730994063996749320,996588672,0.0061455038376152515,-0.0037079930771142244,0.12702155113220215
1730994064096129175,95597376,0.0015013680094853044,-0.0018790244357660413,0.12270462512969971
1730994064197686040,195604288,0.002018971601501107,-0.0030309914145618677,0.11889398097991943
1730994064296719980,295614016,-0.0005433678743429482,-0.0006002187728881836,0.11544013023376465
1730994064396022492,395623488,-0.0019048735266551375,-0.0006779074319638312,0.11230659484863281
1730994064497725086,495631424,-0.0010974659817293286,0.00036919116973876953,0.10938465595245361
1730994064596870890,596641920,-0.0023473931942135096,0.001511645270511508,0.10716032981872559
1730994064696409785,696651392,-0.0023692785762250423,0.0015902399318292737,0.10518252849578857
1730994064797900716,796658048,-0.0049288151785731316,0.003406524658203125,0.1031351089477539
1730994064897128935,896667776,-0.002815337385982275,0.002799510955810547,0.10219037532806396
1730994064996199402,996677248,-0.005422750022262335,0.006005132105201483,0.10299396514892578
1730994065097808716,96684928,-0.0039298757910728455,0.0036801337264478207,0.10355079174041748
1730994065196712368,195695936,-0.007440872490406036,0.0070098754949867725,0.10350298881530762
1730994065296012223,295704896,-0.004057592246681452,0.0044078705832362175,0.10376906394958496
1730994065397785813,395713088,-0.00726941367611289,0.008049952797591686,0.10360383987426758
1730994065496671625,495724608,-0.003254686249420047,0.0036434412468224764,0.10305655002593994
1730994065596065053,595733824,-0.007382719311863184,0.007835459895431995,0.10254049301147461
1730994065698723508,695740736,-0.004327662289142609,0.003332459833472967,0.1015392541885376
1730994065796861641,795751232,-0.009275645017623901,0.006902968976646662,0.09956765174865723
1730994065896212662,895760704,1.9335286617279053,0.6142749786376953,0.09754478931427002
1730994065997790218,996768128,1.915718913078308,0.6136926412582397,0.09318363666534424
1730994066096821362,95778368,1.8855068683624268,0.6084863543510437,0.08548712730407715
1730994066196419808,196787584,1.8359521627426147,0.5960050225257874,0.07741963863372803
1730994066297981289,296795264,1.7650680541992188,0.5767375230789185,0.07212245464324951
1730994066397253452,396805760,1.6751476526260376,0.5518442988395691,0.07013952732086182
1730994066495951115,495814720,1.5696810483932495,0.5220842957496643,0.07005739212036133
1730994066598546914,596823936,1.4533265829086304,0.488474577665329,0.07053184509277344
1730994066696610755,696834432,1.3299678564071655,0.4525565803050995,0.07049977779388428
1730994066796404816,796844160,1.2028690576553345,0.4149305522441864,0.06989014148712158
1730994066899011464,895852864,1.0750516653060913,0.37566718459129333,0.06850838661193848
1730994066996733456,995864384,0.9483759999275208,0.33518368005752563,0.06631767749786377
1730994067096136158,95874624,0.8230803608894348,0.2936131954193115,0.06363654136657715
1730994067197569144,195883072,0.6993393301963806,0.25172609090805054,0.06091797351837158
1730994067296871903,295892800,0.5788098573684692,0.20983648300170898,0.05771338939666748
1730994067395890524,395902528,0.4623195230960846,0.16791176795959473,0.054726362228393555
1730994067498011498,496910464,0.3500228822231293,0.12661807239055634,0.05242419242858887
1730994067597001053,595910720,0.2425561100244522,0.08615970611572266,0.04961228370666504
1730994067696130471,696919680,0.14313223958015442,0.04735952615737915,0.04674732685089111
1730994067798048454,795927616,0.053435325622558594,0.00971674919128418,0.043767452239990234
1730994067897061975,895938112,-0.02605130709707737,2.3496248722076416,0.04078483581542969
1730994067996180480,995947072,-0.09370388835668564,2.308525323867798,0.03597819805145264
1730994068098049559,95954496,-0.15026555955410004,2.256178140640259,0.02890908718109131
1730994068196952640,196964736,-0.19406884908676147,2.1866350173950195,0.019441843032836914
1730994068296588750,295973952,-0.22686457633972168,2.0948116779327393,0.012112259864807129
1730994068398025561,395980352,-0.2496047168970108,1.983715295791626,0.008229851722717285
1730994068497021525,495990336,-0.2615123689174652,1.8570947647094727,0.007886409759521484
1730994068596293954,596999296,-0.26369965076446533,1.7187365293502808,0.010747790336608887
1730994068698402377,696006720,-0.2559794783592224,1.5731611251831055,0.014813542366027832
1730994068796957108,796016960,-0.23757904767990112,1.424616813659668,0.019607901573181152
1730994068896012827,896025664,-0.21052028238773346,1.2764768600463867,0.02411830425262451
1730994068998779217,996034112,-0.17591845989227295,1.1310456991195679,0.02725541591644287
1730994069096880913,96044608,-0.13520844280719757,0.989743173122406,0.02943885326385498
1730994069196429670,197053824,-0.08932976424694061,0.8521475791931152,0.031064510345458984
1730994069298109683,296061760,-0.04031386226415634,0.718515932559967,0.032729268074035645
1730994069396983394,396072000,0.010558640584349632,0.5893338918685913,0.03554713726043701
1730994069496276013,497080704,0.062039971351623535,0.4652682840824127,0.04017221927642822
1730994069597681464,596089152,0.11259537935256958,0.34728342294692993,0.04588651657104492
1730994069696734885,696099904,0.1606484353542328,0.23639802634716034,0.05248379707336426
1730994069795953394,796109120,0.2058825045824051,0.13440212607383728,0.058574557304382324
1730994069897722685,897109120,0.24684053659439087,0.04216194152832031,0.06375980377197266
1730994069997158147,996118080,0.282696932554245,-0.03934915363788605,0.06818294525146484
1730994070096194115,97127040,0.3128170371055603,-0.10930981487035751,0.07204008102416992
1730994070197720483,196135488,0.3361743688583374,-0.16687509417533875,0.07528722286224365
1730994070296630355,296145984,0.352213591337204,-0.21164558827877045,0.07742106914520264
1730994070396455069,396154944,0.3603287637233734,-0.2438444197177887,0.08066844940185547
1730994070498026904,496163136,0.3601926267147064,-0.263661652803421,0.08459532260894775
1730994070596841185,596173120,0.3521225154399872,-0.27205413579940796,0.08771085739135742
1730994070697145417,697182080,0.3364121913909912,-0.2695019543170929,0.09059858322143555
1730994070798074579,796189248,0.3132840692996979,-0.25630122423171997,0.09253060817718506
1730994070897058324,896199744,0.28477683663368225,-0.2346704602241516,0.09304952621459961
1730994070996420642,996208192,0.2502719759941101,-0.2047160565853119,0.09388589859008789
1730994071097857011,96208192,0.21112525463104248,-0.16783034801483154,0.09454667568206787
1730994071196914110,197218944,0.16762138903141022,-0.12517742812633514,0.09511816501617432
1730994071296227472,296227648,0.12112414836883545,-0.07828430831432343,0.09625864028930664
1730994071398258504,397236608,0.07172636687755585,-0.028871485963463783,0.09771072864532471
1730994071496816081,496246848,0.020392941311001778,0.02085494063794613,0.09978961944580078
1730994071596406756,596255552,-0.03159211948513985,0.06958756595849991,0.1012798547744751
1730994071698545837,696262976,-0.0831117257475853,0.11580853164196014,0.1019665002822876
1730994071797163975,796272960,-0.13299986720085144,0.15874937176704407,0.10262489318847656
1730994071896407652,897274752,-0.1799265593290329,0.19747215509414673,0.10286343097686768
1730994071997977611,996282432,-0.22306212782859802,0.23122256994247437,0.10273516178131104
1730994072097280901,97293440,-0.26127341389656067,0.258663147687912,0.10300004482269287
1730994072196447107,197302144,-0.2946299612522125,0.2798056900501251,0.10312461853027344
1730994072298055367,296309824,-0.32341644167900085,0.29380282759666443,0.10261857509613037
1730994072397090429,397320320,-0.34634116291999817,0.30070608854293823,0.10170018672943115
1730994072496220245,497329280,-0.3626082241535187,0.3010360300540924,0.1001211404800415
1730994072597502948,596337216,-0.37235647439956665,0.2945726215839386,0.0983731746673584
1730994072696844092,697347200,-0.3754871189594269,0.28135767579078674,0.096030592918396
1730994072796544915,797355904,-0.3724953234195709,0.2616618573665619,0.09327149391174316
1730994072898337915,896362560,-0.3637749254703522,0.23639142513275146,0.08976447582244873
1730994072996878200,996374336,-0.3495590388774872,0.20604568719863892,0.08566832542419434
1730994073096122751,96384576,-0.3302224576473236,0.17126356065273285,0.08136439323425293
1730994073197954458,196392768,-0.3062855303287506,0.1331367939710617,0.0769808292388916
1730994073296969645,296402240,-0.27832257747650146,0.09217885136604309,0.07259202003479004
1730994073396338437,396410944,-0.24686318635940552,0.049938030540943146,0.06792140007019043
1730994073497971348,496418624,-0.21243327856063843,0.006917946040630341,0.06314957141876221
1730994073597623000,596429120,-0.1762724667787552,-0.035774338990449905,0.05833280086517334
1730994073696230450,697439360,-0.13883444666862488,-0.07734861969947815,0.054061293601989746
1730994073797962452,797446272,-0.10096540302038193,-0.1173214390873909,0.0504530668258667
1730994073897091343,896456768,-0.06368637830018997,-0.1543569713830948,0.046926021575927734
1730994073996797105,997465216,-0.02720123529434204,-0.18837329745292664,0.04341733455657959
1730994074098258510,96472384,0.007300472352653742,-0.2184964120388031,0.040375709533691406
1730994074197186265,196482112,0.03906676545739174,-0.2441132813692093,0.03815913200378418
1730994074296301023,296490816,0.06790173053741455,-0.26496782898902893,0.036341309547424316
1730994074398387743,396498240,0.09327489882707596,-0.28073328733444214,0.034735918045043945
1730994074497114238,496510016,0.11436319351196289,-0.2914418876171112,0.033879637718200684
1730994074596278811,596518976,0.1306198388338089,-0.2970214784145355,0.0335085391998291
1730994074698392576,696526656,0.14282262325286865,-0.29778069257736206,0.03374814987182617
1730994074797150026,796536896,0.15140597522258759,-0.2945050299167633,0.034375548362731934
1730994074896427002,897543296,0.15586571395397186,-0.2868332862854004,0.03530240058898926
1730994074998085530,997550208,0.15665596723556519,-0.27499425411224365,0.03632950782775879
1730994075097192697,97560192,0.1535441130399704,-0.2594406008720398,0.03767120838165283
1730994075196211937,196568896,0.14624793827533722,-0.2404777556657791,0.0392918586730957
1730994075298671208,297576320,0.13564853370189667,-0.218887060880661,0.04086422920227051
1730994075397232000,396586304,0.121925950050354,-0.19525040686130524,0.0420229434967041
1730994075496844435,497595520,0.10585141181945801,-0.1702219396829605,0.0428699254989624
1730994075598266245,596602688,0.08860135078430176,-0.14413569867610931,0.043498873710632324
1730994075697225031,696612928,0.06999365985393524,-0.11769025772809982,0.044162869453430176
1730994075796261474,796621888,0.05114656686782837,-0.09166548401117325,0.044362783432006836
1730994075898087630,897626496,-2.343132495880127,-0.06665962934494019,0.044284701347351074
1730994075996928780,997638016,-2.3534843921661377,-0.04359091445803642,0.04225814342498779
1730994076096581999,96648768,-2.3488292694091797,-0.021697625517845154,0.03638601303100586
1730994076198444539,197656192,-2.3220150470733643,-0.0023151033092290163,0.02806568145751953
1730994076297166353,296666432,-2.268174886703491,0.015552998520433903,0.021593570709228516
1730994076397319202,397675392,-2.1880619525909424,0.03125602379441261,0.018681883811950684
1730994076498129542,496682816,-2.0851361751556396,0.04490317404270172,0.01848602294921875
1730994076597236560,597692800,-1.9635363817214966,0.05554976686835289,0.01958334445953369
1730994076696535313,696701760,-1.8272976875305176,0.06288959085941315,0.02110302448272705
1730994076798312736,797708928,-1.6811953783035278,0.06699670106172562,0.021262645721435547
1730994076897209972,897719424,-1.5287482738494873,0.06799232959747314,0.020121335983276367
1730994076996524495,997728384,-1.372122883796692,0.06571551412343979,0.018172264099121094
1730994077098376190,96735808,-1.2135624885559082,0.060874514281749725,0.015358209609985352
1730994077197098301,196747072,-1.0534642934799194,0.0524139329791069,0.012556195259094238
1730994077296642654,297755520,-0.8922823667526245,0.04100346192717552,0.010372161865234375
1730994077398411975,396762432,-0.7328612208366394,0.027325553819537163,0.009215116500854492
1730994077496807375,496772416,-0.5763759016990662,0.012043573893606663,0.009384989738464355
1730994077596872326,596781376,-0.42407935857772827,-0.003924284130334854,0.010436773300170898
1730994077698418987,697788032,-0.2810506820678711,-0.019144698977470398,0.011357426643371582
1730994077797258173,796797760,-0.14492903649806976,-0.03416164964437485,0.012740492820739746
1730994077897324484,897806208,-0.016542376950383186,-0.048502303659915924,0.014110088348388672
1730994077998046445,996813888,0.10023830831050873,-2.4345669746398926,0.015399694442749023
1730994078097158824,96824128,0.20536020398139954,-2.4288694858551025,0.012391209602355957
1730994078197008804,197832064,0.296146959066391,-2.4056103229522705,0.005220890045166016
1730994078298377259,296840768,0.37300387024879456,-2.3548502922058105,-0.0010340213775634766
1730994078397774603,396851008,0.4350462257862091,-2.276989459991455,-0.0030934810638427734
1730994078496966904,496859968,0.4822279214859009,-2.1747984886169434,-0.001294851303100586
1730994078598902094,596867136,0.5136721134185791,-2.052595615386963,0.0034667253494262695
1730994078697681344,696877376,0.5315574407577515,-1.9153419733047485,0.009396553039550781
1730994078796720261,797886080,0.5342069864273071,-1.7669428586959839,0.015538215637207031
1730994078898435080,896892736,0.5239781141281128,-1.6103190183639526,0.019177794456481934
1730994078997257506,997904768,0.500521183013916,-1.4489760398864746,0.021741390228271484
1730994079096475599,96913472,0.4648744463920593,-1.285090446472168,0.02365422248840332
1730994079198304752,196920640,0.41892939805984497,-1.1206709146499634,0.024884462356567383
1730994079297369056,297930368,0.36375704407691956,-0.9561265110969543,0.026137590408325195
1730994079397261082,397939072,0.30168724060058594,-0.7927868366241455,0.027950763702392578
1730994079498286278,497947008,0.2357068806886673,-0.6321187019348145,0.02971792221069336
1730994079597344846,597956736,0.1670261025428772,-0.4758530855178833,0.0323481559753418
1730994079696022468,696966208,0.09708375483751297,-0.32586851716041565,0.03665578365325928
1730994079797842253,797974144,0.0271510761231184,-0.18369638919830322,0.04253113269805908
1730994079897333405,896983616,-0.040662702172994614,-0.052113939076662064,0.04815542697906494
1730994079997054851,996991808,2.2678637504577637,0.06737285852432251,0.0543590784072876
1730994080098428785,97998976,2.1908693313598633,0.17300070822238922,0.06170535087585449
1730994080197318048,197007424,2.102139711380005,0.2622770369052887,0.06563448905944824
1730994080296683125,298015872,1.9941331148147583,0.3350810706615448,0.06519854068756104
1730994080399086531,398023296,1.8666502237319946,0.39141103625297546,0.06532514095306396
1730994080497207858,497032512,1.7242717742919922,0.4329049587249756,0.06757831573486328
1730994080596623355,597041728,1.5723077058792114,0.45830824971199036,0.07192766666412354
1730994080698391137,697048640,1.4168487787246704,0.46844106912612915,0.07644259929656982
1730994080797373821,797058368,1.2632460594177246,0.46389278769493103,0.08136844635009766
1730994080896740470,897066816,1.114313006401062,0.4456862211227417,0.08504772186279297
1730994080998465371,997073728,0.9722294807434082,0.41445082426071167,0.08737480640411377
1730994081097384203,97083456,0.8386032581329346,0.37213245034217834,0.08852958679199219
1730994081196764608,197092160,0.7144810557365417,0.32051363587379456,0.08790111541748047
1730994081298552072,298101120,0.5991698503494263,0.261323481798172,0.0861961841583252
1730994081397694569,398111104,0.49252933263778687,0.1958264708518982,0.08378660678863525
1730994081496958125,497119808,0.39475753903388977,0.12636801600456238,0.08144497871398926
1730994081598558720,597126720,0.30558857321739197,0.05544571951031685,0.07923436164855957
1730994081697966588,697136448,0.22648745775222778,-0.014681577682495117,0.07680320739746094
1730994081797334735,797146944,0.1579383909702301,-0.08230312913656235,0.07506811618804932
1730994081899189101,898152576,0.10067979246377945,-0.14565066993236542,0.07306408882141113
1730994081997184671,998164864,0.05457460880279541,-0.20281822979450226,0.07045269012451172
1730994082096917371,98171264,0.019141996279358864,-0.25311270356178284,0.06750273704528809
1730994082197989878,197179200,-0.0052683353424072266,-0.2952097952365875,0.06490051746368408
1730994082297082708,297190208,-0.020100759342312813,-0.3287617862224579,0.061940550804138184
1730994082397205644,397198656,-0.02551858313381672,-0.3525737226009369,0.05844271183013916
1730994082498154452,498206336,-0.022429609671235085,-0.36661916971206665,0.05504453182220459
1730994082597906451,598216064,-0.011680257506668568,-0.37041527032852173,0.0525052547454834
1730994082697035215,698225536,0.004868793301284313,-0.36495643854141235,0.050543785095214844
1730994082798303306,797232192,0.02739919349551201,-0.3494509756565094,0.048934102058410645
1730994082897507263,897241920,0.05405842140316963,-0.3250822126865387,0.04774618148803711
1730994082997667336,997250368,0.08416833728551865,-0.2920689284801483,0.04722011089324951
1730994083098689550,97257024,0.11638445407152176,-0.2515290379524231,0.04708850383758545
1730994083197464014,197266496,0.14942502975463867,-0.20499441027641296,0.04717671871185303
1730994083296671502,298274688,0.1820538192987442,-0.15370967984199524,0.047515869140625
1730994083398414584,397282112,0.2132493406534195,-0.09904062747955322,0.04807615280151367
1730994083498044344,497291328,0.2417905479669571,-0.04225268214941025,0.048394083976745605
1730994083597646006,598299520,0.2669367492198944,0.015515541657805443,0.04873049259185791
1730994083698672374,697306176,0.28813692927360535,0.07233496755361557,0.049199819564819336
1730994083797578658,797315648,0.3045025169849396,0.12699134647846222,0.04985630512237549
1730994083897077828,898323072,0.3155173361301422,0.1786833107471466,0.050734877586364746
1730994083998288453,998330240,0.3207639157772064,0.22576288878917694,0.051282644271850586
1730994084097610340,97339968,0.32011479139328003,0.2674998342990875,0.05143153667449951
1730994084196629369,197348416,0.31372731924057007,0.30296099185943604,0.051407814025878906
1730994084298560273,297355072,0.30194219946861267,0.3312183916568756,0.05145919322967529
1730994084397510658,397364544,0.28507718443870544,0.3522729277610779,0.051175594329833984
1730994084496748031,498372480,0.26276037096977234,0.3658081889152527,0.05039846897125244
1730994084597983082,597379136,0.23632016777992249,0.3718384802341461,0.04919171333312988
1730994084697904500,697389632,0.2059006243944168,0.3708833158016205,0.047594547271728516
1730994084796872834,798399360,0.17263378202915192,0.36281752586364746,0.04604780673980713
1730994084898487349,897406528,0.137361541390419,0.3484025299549103,0.045198917388916016
1730994084997338932,997416512,0.10060980170965195,0.327444463968277,0.04411590099334717
1730994085096824351,98424704,0.0632925033569336,0.3009870648384094,0.04234898090362549
1730994085199191918,197430848,0.025845646858215332,0.2693152129650116,0.040360450744628906
1730994085297379588,298440832,-0.010648107156157494,0.23285384476184845,0.03821218013763428
1730994085396830320,398449536,-0.045685481280088425,0.1930178999900818,0.03628814220428467
1730994085498772407,497455680,-0.07846172899007797,0.15092580020427704,0.03418254852294922
1730994085597543297,597464896,-0.10861649364233017,0.10739318281412125,0.03217458724975586
1730994085696731418,697472576,-0.13514888286590576,0.06356996297836304,0.030542373657226562
1730994085798909693,797478976,-0.15776444971561432,0.020253419876098633,0.029084205627441406
1730994085897676141,897489984,-0.17682649195194244,-0.021522486582398415,0.02813279628753662
1730994085997267697,998497920,-0.1920650154352188,-0.06100963428616524,0.02771472930908203
1730994086098813692,97496640,-0.20343497395515442,-0.09794686734676361,0.026808977127075195
1730994086197779568,197504320,-0.21058936417102814,-0.13162118196487427,0.02573978900909424
1730994086297435933,298512000,-0.21339203417301178,-0.16140924394130707,0.02434241771697998
1730994086398738382,398518912,-0.2123202532529831,-0.186629980802536,0.02290356159210205
1730994086497590522,497528128,-0.20727954804897308,-0.20691579580307007,0.02158820629119873
1730994086597435496,598535808,-0.19830593466758728,-0.221898153424263,0.020605087280273438
1730994086699413824,697540672,-0.18611900508403778,-0.2315005213022232,0.02001047134399414
1730994086797311234,798551680,-0.17157310247421265,-0.2356289029121399,0.019990205764770508
1730994086897295567,897560128,-0.1548263132572174,-0.2346925586462021,0.019856572151184082
1730994086999324868,997567296,-0.1363169252872467,-0.22871166467666626,0.019558429718017578
1730994087098082332,97576768,-0.11655092984437943,-0.21801191568374634,0.01889514923095703
1730994087196899124,197584704,-0.09590227156877518,-0.20282864570617676,0.017860889434814453
1730994087298785777,297590592,-0.07464049011468887,-0.1839817762374878,0.016875386238098145
1730994087397716186,397598272,-0.05318798869848251,-0.16160494089126587,0.016419291496276855
1730994087497425886,497606208,-0.03226390853524208,-0.13675135374069214,0.01561129093170166
1730994087598681501,597613888,-0.012856232933700085,-0.10991726815700531,0.014690279960632324
1730994087697649496,697623104,0.0052051423117518425,-0.08172556012868881,0.013959646224975586
1730994087797137507,797628736,0.022053169086575508,2.3197245597839355,0.012664437294006348
1730994087899441126,898635904,0.03670462220907211,2.330077648162842,0.007835984230041504
1730994087997729506,998644608,0.049383509904146194,2.3233931064605713,-0.001934051513671875
1730994088097172895,97654592,0.05986083671450615,2.2899281978607178,-0.011118888854980469
1730994088199229197,197661504,0.06852392107248306,2.2305312156677246,-0.01669752597808838
1730994088298356980,297671232,0.07495645433664322,2.1477034091949463,-0.0182650089263916
1730994088397217349,397679424,0.0797828882932663,2.0455212593078613,-0.01667487621307373
1730994088498717021,498686848,0.08228636533021927,1.9274197816848755,-0.013731598854064941
1730994088597719479,597696064,0.08129702508449554,1.7969114780426025,-0.011168718338012695
1730994088697134966,697704000,0.07721100747585297,1.6571167707443237,-0.00873708724975586
1730994088798823277,798710400,0.07141108065843582,1.5115758180618286,-0.007965326309204102
1730994088897715427,897720128,0.06402431428432465,1.3616843223571777,-0.00774383544921875
1730994088997723602,998729088,0.05422308295965195,1.2092719078063965,-0.008366227149963379
1730994089098710908,97735744,0.042356643825769424,1.0548312664031982,-0.0094146728515625
1730994089197655571,197743424,0.028046976774930954,0.8975728154182434,-0.009249567985534668
1730994089297121498,297753152,0.012248539365828037,0.7390216588973999,-0.007850885391235352
1730994089398832421,397761600,-0.0033301948569715023,0.5816447138786316,-0.005337715148925781
1730994089497785784,497769792,-0.01851550303399563,0.4276050925254822,-0.001975536346435547
1730994089596900133,597777216,-0.03315676376223564,0.27988046407699585,0.0013492107391357422
1730994089698978290,697783360,-0.04746122285723686,0.1405724585056305,0.004816532135009766
1730994089797582756,797792064,-0.060759127140045166,0.011731275357306004,0.007552981376647949
1730994089896624436,897800512,-0.07243937999010086,-0.10455795377492905,0.009952783584594727
1730994089998810438,998807424,-0.08341047912836075,-0.20783929526805878,0.01299595832824707
1730994090097675025,98816640,-0.09405994415283203,-0.29718321561813354,0.017145514488220215
1730994090197541656,197824576,-0.10311305522918701,-0.37209054827690125,0.021739482879638672
1730994090298587717,298831232,-0.11059608310461044,-0.43125656247138977,0.02712726593017578
1730994090397779524,397840448,-0.11531742662191391,-0.47503045201301575,0.032178521156311035
1730994090497169778,498848384,-0.11735046654939651,-0.5020703673362732,0.03686690330505371
1730994090598156195,597854528,-0.11685896664857864,-0.5134342312812805,0.041558027267456055
1730994090697181594,697863232,-0.11454371362924576,-0.5134199261665344,0.04516792297363281
1730994090797019251,797871936,-0.10954014956951141,-0.4970190227031708,0.048441410064697266
1730994090899015805,898878336,-0.1025640219449997,-0.46504756808280945,0.052053093910217285
1730994090997820039,997889600,-0.09367784112691879,-0.4212081730365753,0.0549311637878418
1730994091096919837,97897280,-0.08278919011354446,-0.3664324879646301,0.0575031042098999
1730994091199060048,198903424,-0.07058799266815186,-0.3034832775592804,0.05921447277069092
1730994091297817316,297912128,-0.05680810287594795,-0.2347622513771057,0.06007575988769531
1730994091397414680,398919552,-0.04228212684392929,-0.16157683730125427,0.0602574348449707
1730994091498876635,497925184,-0.027215277776122093,-0.08679436892271042,0.05993497371673584
1730994091597762293,598933888,-2.3868207931518555,-0.011454523541033268,0.05943489074707031
1730994091696997026,697941312,-2.3635261058807373,0.06066705659031868,0.05643725395202637
1730994091798826035,797946176,-2.3263423442840576,0.1300310492515564,0.050029754638671875
1730994091897773490,897952576,-2.268763542175293,0.19330091774463654,0.04235482215881348
1730994091996938123,997960256,-2.1856207847595215,0.2506546974182129,0.036701321601867676
1730994092099303775,97966656,-2.078809976577759,0.3005659580230713,0.03449571132659912
1730994092198090508,198976896,-1.9525444507598877,0.34174439311027527,0.034601569175720215
1730994092297118862,298983296,-1.811063289642334,0.37395238876342773,0.03571128845214844
1730994092398728170,397990976,-1.6595301628112793,0.3965504467487335,0.03646254539489746
1730994092497919797,497998400,-1.5026806592941284,0.4082854092121124,0.03550004959106445
1730994092598009001,598006080,-1.3444162607192993,0.4096091687679291,0.033020734786987305
1730994092698472041,699011968,-1.1867122650146484,0.4016090929508209,0.029102683067321777
1730994092797725239,798020672,-1.031079649925232,0.3850633502006531,0.024439454078674316
1730994092896949739,899024512,-0.8786444664001465,0.3597117066383362,0.01943647861480713
1730994092998948387,999030656,-0.7293525338172913,0.32628753781318665,0.013699650764465332
1730994093097664440,98039872,-0.5845469236373901,0.28585872054100037,0.009319305419921875
1730994093197794623,198046272,-0.44575586915016174,0.23986069858074188,0.005933880805969238
1730994093299481906,298052928,-0.3144305646419525,0.19020381569862366,0.00333249568939209
1730994093397719970,398062144,-0.19092468917369843,0.13807623088359833,0.0017178058624267578
1730994093497189233,498068800,-0.0779370442032814,0.0841686874628067,0.0008528232574462891
1730994093598891636,598074688,0.02292155660688877,0.02942957542836666,0.0013593435287475586
1730994093697875090,698083136,0.11118212342262268,-2.398087501525879,0.0019074678421020508
1730994093797025714,799091072,0.18567129969596863,-2.434030294418335,-0.0019255876541137695
1730994093898515478,898098240,0.24554815888404846,-2.451406717300415,-0.010622978210449219
1730994093997602850,999108992,0.2906818687915802,-2.44002628326416,-0.018404364585876465
1730994094097902139,99116416,0.3219773769378662,-2.39884614944458,-0.021064043045043945
1730994094199552703,199122304,0.34009188413619995,-2.330371141433716,-0.018990159034729004
1730994094297830986,299132544,0.3442869484424591,-2.2381391525268555,-0.01274096965789795
1730994094397324137,399140736,0.335716187953949,-2.126077175140381,-0.00479280948638916
1730994094498910442,498146112,0.31525489687919617,-1.996986746788025,0.004458785057067871
1730994094598300376,599154560,0.2839292287826538,-1.8548893928527832,0.014039754867553711
1730994094697067630,699163264,0.2434152066707611,-1.7026158571243286,0.023278236389160156
1730994094799277362,798168896,0.1959950029850006,-1.5423486232757568,0.03020799160003662
1730994094898149389,898176832,0.14241217076778412,-1.3756554126739502,0.03581225872039795
1730994094996564594,998184000,0.08465751260519028,-1.2041579484939575,0.04171442985534668
1730994095098820833,99181696,0.024240396916866302,-1.0278613567352295,0.04742228984832764
1730994095198070367,199190656,-0.03333523869514465,-0.8534577488899231,0.05236458778381348
1730994095297437697,299196800,-0.08882203698158264,-0.6806201934814453,0.057303667068481445
1730994095399106005,398203968,-0.14170855283737183,-0.5091490149497986,0.06382417678833008
1730994095497937521,499214720,-0.19024658203125,-0.3418533504009247,0.07091629505157471
1730994095597061601,598221632,-0.23404796421527863,-0.18300874531269073,0.0773463249206543
1730994095698793813,699227520,-0.27236056327819824,-0.034832391887903214,0.08332037925720215
1730994095797968395,799238016,-0.3043062090873718,0.1008664220571518,0.08793437480926514
1730994095897307008,898243392,-0.3292708694934845,0.22223609685897827,0.09154605865478516
1730994095998807726,998249280,-0.34656065702438354,0.3275425434112549,0.09412455558776855
1730994096098070138,98257216,-0.35614001750946045,0.41537991166114807,0.09556877613067627
1730994096197394573,199262848,-0.3583408296108246,0.48485150933265686,0.09704840183258057
1730994096299206244,298268480,-0.35393446683883667,0.5361482501029968,0.09847712516784668
1730994096397720536,399277952,-0.3430716097354889,0.5687677264213562,0.09923124313354492
1730994096497228463,498284352,-0.32628655433654785,0.5828296542167664,0.09911048412322998
1730994096598855038,599290240,-0.30454909801483154,0.579824686050415,0.098732590675354
1730994096697988198,698297920,-0.27819016575813293,0.5608226656913757,0.09814679622650146
1730994096797153556,799305088,-0.24757517874240875,0.5269164443016052,0.09725499153137207
1730994096898878156,898311232,-0.21408988535404205,0.4808613061904907,0.09664440155029297
1730994096998465835,998318400,-0.17755857110023499,0.4228384792804718,0.09584248065948486
1730994097097041905,98324800,-0.13809047639369965,0.35426065325737,0.09502232074737549
1730994097198612049,199330944,-0.09697957336902618,0.27768340706825256,0.09458160400390625
1730994097298162589,299339648,-0.05527949333190918,0.19600744545459747,0.09484052658081055
1730994097397282291,398345792,-0.014265516772866249,0.11233014613389969,0.095306396484375
1730994097499041481,498351424,0.02530873939394951,0.027988994494080544,0.09633934497833252
1730994097597933131,599359616,2.4363608360290527,-0.054712772369384766,0.0982283353805542
1730994097697370566,698366784,2.456449508666992,-0.1333201378583908,0.09958314895629883
1730994097799117125,798371136,0.5183237791061401,-0.8175572752952576,0.09288251399993896
1730994097898073723,899379072,0.5042637586593628,-0.8802894353866577,0.08277499675750732
1730994097997432621,999386240,0.4744815528392792,-0.9318398833274841,0.07930207252502441
1730994098098948659,98391616,0.4371432960033417,-0.967830240726471,0.08046185970306396
1730994098197994172,198398272,0.3982628881931305,-0.9867439270019531,0.08367300033569336
1730994098297885102,298403904,0.36064478754997253,-0.9884610772132874,0.08719873428344727
1730994098398975188,398408000,0.32420945167541504,-0.9744094014167786,0.09006714820861816
1730994098497607572,498415936,0.2889609932899475,-0.946006715297699,0.09237802028656006
1730994098597917839,599421056,0.2537115514278412,-0.9044286608695984,0.0933992862701416
1730994098699280295,699427712,0.21711145341396332,-0.8506166934967041,0.09160757064819336
1730994098798027100,798436160,0.17926760017871857,-0.7870988249778748,0.08720266819000244
1730994098897164704,899443840,0.1390434205532074,-0.7147210240364075,0.08167362213134766
1730994098999214926,999449216,0.09642420709133148,-0.6343650817871094,0.07627999782562256
1730994099098116690,98457408,0.05330783501267433,-0.54856938123703,0.07110655307769775
1730994099197342346,199463296,0.010070821270346642,-0.4573286473751068,0.06691145896911621
1730994099299313336,298468672,-0.03066282719373703,-0.3649420738220215,0.06335783004760742
1730994099398216377,398476864,-0.06682530045509338,-0.2769991457462311,0.05913984775543213
1730994099497369255,498483520,-0.09904679656028748,-0.19406136870384216,0.054604291915893555
1730994099599116166,599488896,-0.12724824249744415,-0.1160959005355835,0.05040454864501953
1730994099697861928,698497088,-0.15622732043266296,0.08573026210069656,0.17933547496795654
1730994099796915261,798505280,-0.1756814867258072,0.15163609385490417,0.17572331428527832
1730994099898941034,899511168,-0.19013464450836182,0.2114960253238678,0.169303297996521
1730994099997889708,998518592,-0.199631005525589,0.26425185799598694,0.16093671321868896
1730994100097456393,98524992,-0.20453757047653198,0.3084374666213989,0.15170252323150635
1730994100199069551,199530880,-0.2043764740228653,0.34413236379623413,0.14318811893463135
1730994100297975188,299538560,-0.18482355773448944,0.37146496772766113,0.128509521484375
1730994100397210616,398543936,-0.17787154018878937,0.3898155987262726,0.10784339904785156
1730994100499145636,499549824,-0.16799896955490112,0.40026822686195374,0.08511507511138916
1730994100597981653,598557248,-0.1563853621482849,0.40423306822776794,0.06364989280700684
1730994100697164254,698563904,-0.14254872500896454,0.4017200767993927,0.04352843761444092
1730994100797404625,799571072,-0.1266673356294632,0.39284747838974,0.0250474214553833
1730994100898961366,898576448,-0.10942571610212326,0.37858718633651733,0.009169340133666992
1730994100998260215,998583360,-0.08999238163232803,0.359475314617157,-0.0040018558502197266
1730994101097297580,98589248,-0.06914610415697098,0.3357542157173157,-0.014358758926391602
1730994101199399458,199593088,-0.04670222848653793,0.30859488248825073,-0.021973609924316406
1730994101297819766,299601280,-0.02409077063202858,0.2785339057445526,-0.026781082153320312
1730994101397329080,399607936,-0.0022590875159949064,0.24666205048561096,-0.02850663661956787
1730994101499284911,498613056,0.018530933186411858,0.21363189816474915,-0.02742326259613037
1730994101598131189,599621248,0.0375683419406414,0.18065474927425385,-0.023785948753356934
1730994101697138121,698628928,0.05479167774319649,0.1483715921640396,-0.01771998405456543
1730994101799178344,799634816,0.07023711502552032,0.11731898784637451,-0.009528517723083496
1730994101898047543,899640448,0.0838271751999855,0.08816216886043549,0.0001010894775390625
1730994101997217679,998646592,0.0944637879729271,0.06176024675369263,0.010602116584777832
1730994102098932928,99652224,0.10272058844566345,0.03829033300280571,0.021370649337768555
1730994102198015253,199659648,0.10934358090162277,0.01753929816186428,0.03194296360015869
1730994102297331614,299665024,0.1139458417892456,-0.00019637345394585282,0.042401909828186035
1730994102399218808,398670144,0.11609906703233719,-0.014315557666122913,0.053139567375183105
1730994102498133522,498677056,0.11571019887924194,-0.024810325354337692,0.0632939338684082
1730994102598202720,598684480,0.11350657790899277,-0.031716238707304,0.07150077819824219
1730994102697281248,699690368,0.10956990718841553,-0.03457486629486084,0.07871150970458984
1730994102798911885,798696512,0.10334637761116028,-0.034121643751859665,0.08512341976165771
1730994102898192867,899703168,0.0947202667593956,-0.030324863269925117,0.09009218215942383
1730994102997249004,998712640,0.08479117602109909,-0.023355985060334206,0.0928720235824585
1730994103099014997,99709568,0.07405813038349152,-0.013675021938979626,0.09338271617889404
1730994103198285056,199718784,0.08898807317018509,0.00568794272840023,0.07267051935195923
1730994103298434917,299725952,0.06847679615020752,0.03955632448196411,0.05690363049507141
1730994103399353478,399732352,0.038373712450265884,0.11478298157453537,0.000835886225104332
1730994103498070276,499740800,0.03330373391509056,0.11716599762439728,0.019500596448779106
1730994103597549445,599746944,0.028469623997807503,0.10513200610876083,0.034038275480270386
1730994103700162867,699753088,0.023094600066542625,0.08528323471546173,0.034038275480270386
1730994103798141040,799761280,0.01687474362552166,0.06231469288468361,0.034038275480270386
1730994103897634040,898761792,0.010431270115077496,0.03852036967873573,0.034038275480270386
1730994103999320845,999766912,0.004817628767341375,0.01779043674468994,0.034038275480270386
1730994104098328897,99775104,0.0011253290576860309,0.004155591130256653,0.034038275480270386
1730994104197539261,199781504,-0.0009420037386007607,0.00493810186162591,0.034038275480270386
1730994104299376675,299786368,-0.0031091899145394564,0.01718165911734104,0.034038275480270386
1730994104398198030,399794560,-0.004669333808124065,0.028947079554200172,0.034038275480270386
1730994104497544949,499800704,-0.006258073262870312,0.03952859714627266,0.034038275480270386
1730994104599234465,599806592,-0.007127654273062944,0.04820028319954872,0.034038275480270386
1730994104699634402,699811200,-0.007571164984256029,0.05475897714495659,0.034038275480270386
1730994104797991638,799818624,-0.007365080527961254,0.05896662548184395,0.034038275480270386
1730994104897346533,899825536,-0.006455013062804937,0.06132899597287178,0.034038275480270386
1730994104999022551,999831424,-0.004973548464477062,0.06193147972226143,0.034038275480270386
1730994105098057263,99838848,-0.0032035827171057463,0.06159694120287895,0.01064339466392994
1730994105197226955,199846016,-0.0014300495386123657,0.05971021577715874,0.007437349297106266
1730994105299152089,299851392,0.000680483877658844,0.056763481348752975,0.007437349297106266
1730994105398523649,399858816,0.0028771429788321257,0.052957188338041306,0.007437349297106266
1730994105498083291,499866752,0.004824484698474407,0.04815793037414551,0.005841169971972704
1730994105598850707,599872384,0.006369227077811956,0.042259249836206436,0.004780992399901152
1730994105698202103,698879296,0.007587246596813202,0.035384368151426315,-9.179755579680204e-06
1730994105797383829,799886208,0.008581571280956268,0.027757512405514717,-0.0012589693069458008
1730994105899457374,899891072,0.009225843474268913,0.019345616921782494,-0.0019761323928833008
1730994105998765268,998899264,0.009425614960491657,0.010028183460235596,-0.002529621124267578
1730994106097637767,99906176,0.008835899643599987,0.0006704330444335938,-0.0029712915420532227
1730994106199083637,199911296,0.007344837300479412,-0.008545982651412487,-0.0030678510665893555
1730994106298115577,299918720,0.005331641528755426,-0.018062734976410866,-0.002723097801208496
1730994106397913807,399924864,0.0022913068532943726,-0.02755049429833889,-0.002074599266052246
1730994106499031209,499929984,-0.0007545769331045449,-0.03695603460073471,-0.0012793540954589844
1730994106598090393,599936640,-0.003397096646949649,-0.04575682803988457,-5.137920379638672e-05
1730994106697750164,699940736,-0.006247484590858221,-0.0545148141682148,0.0009982585906982422
1730994106798843050,799946112,-0.00940789096057415,-0.06303656101226807,0.0018367767333984375
1730994106898134682,899951232,-0.013106852769851685,-0.07098798453807831,0.00296938419342041
1730994106997709237,999956864,-0.017381655052304268,-0.07816048711538315,0.004122495651245117
1730994107099173306,99962240,-0.021717924624681473,-0.0844636932015419,0.005174517631530762
1730994107198240855,199970176,-0.026196293532848358,-0.09042737632989883,0.006000876426696777
1730994107297512256,299977344,-0.030620981007814407,-0.09502844512462616,0.007041573524475098
1730994107399190602,399982464,-0.034396640956401825,-0.09831152856349945,0.007681846618652344
1730994107498105019,499990656,-0.037972982972860336,-0.10051286220550537,0.008726716041564941
1730994107597653901,599997568,-0.039192985743284225,-0.09750372916460037,0.00930643081665039
1730994107699206130,700002432,-0.023369887843728065,-0.042486511170864105,0.009729504585266113
1730994107797815733,799011136,-0.008100651204586029,-0.0032911538146436214,0.009777069091796875
1730994107897666808,900017280,-0.0012578635942190886,0.008531872183084488,0.010119915008544922
1730994107999068933,23168,-2.703676000237465e-05,0.00020736921578645706,0.009531855583190918
1730994108098150777,100029312,-0.0044885603711009026,-0.0061833858489990234,0.009237408638000488
1730994108197365023,200035968,-0.009240254759788513,-0.012105393223464489,0.009976625442504883
1730994108299501382,300040832,-0.0025205735582858324,-0.01793447695672512,0.011575937271118164
1730994108398879328,400048256,0.00045485462760552764,-0.03415679186582565,0.013896465301513672
1730994108497644353,500054912,0.0003842890146188438,-0.018302245065569878,0.0162661075592041
1730994108599206495,600060032,7.957869820529595e-05,-0.0037900349125266075,0.01880800724029541
1730994108697922871,700067712,-0.0009665787220001221,-0.00014495849609375,0.02126479148864746
1730994108797774152,800074880,0.0011170365614816546,-0.02199837565422058,0.022813796997070312
1730994108899344280,900080256,0.0038245907053351402,-0.0747777670621872,0.023767948150634766
1730994108998333024,87168,0.006984594278037548,-0.1364569514989853,0.02436232566833496
1730994109097650076,100093056,0.010037383064627647,-0.19605793058872223,0.02559041976928711
1730994109199099454,200097664,0.012433722615242004,-0.24284552037715912,0.027263760566711426
1730994109298419909,300104064,0.011327081359922886,-0.22122828662395477,0.029509544372558594
1730994109398045986,400110464,0.008901339024305344,-0.17385129630565643,0.03275346755981445
1730994109499308252,500115584,0.006468980573117733,-0.12634509801864624,0.03680300712585449
1730994109598439580,599123008,0.004287539515644312,-0.08373956382274628,0.04033088684082031
1730994109697699137,700128384,0.0024580094031989574,-0.048007167875766754,0.04286527633666992
1730994109799529112,800133760,0.0010751687223091722,-0.02099902369081974,0.044767141342163086
1730994109898469553,900141184,0.00021566612122114748,-0.0042121559381484985,0.04692840576171875
1730994109997579987,147072,-0.00010232031490886584,0.0028325796592980623,0.04852414131164551
1730994110099556912,100150912,-0.00030565858469344676,0.010279822163283825,0.04869651794433594
1730994110198479756,200158336,-0.0004699259879998863,0.017727063968777657,0.04876077175140381
1730994110297871365,300165504,-0.0006695836782455444,0.025377022102475166,0.049318552017211914
1730994110399562107,400169856,-0.0007889479165896773,0.03358099237084389,0.04945480823516846
1730994110498276764,500177024,-0.0004076957702636719,0.04197930172085762,0.04816246032714844
1730994110597447179,600182656,-4.875361992162652e-05,0.04967999458312988,0.04675602912902832
1730994110699228773,700187264,0.00019422173500061035,0.0565338134765625,0.0451352596282959
1730994110798732747,799193664,0.0006520301103591919,0.061336468905210495,0.043187618255615234
1730994110898011610,900200576,0.0012325436109676957,0.06363270431756973,0.040931105613708496
1730994110999161241,205184,0.0019669621251523495,0.06362613290548325,0.0384521484375
1730994111098211835,99212096,0.0024045556783676147,0.061612796038389206,0.03639853000640869
1730994111197991045,200218240,0.003196957753971219,0.05731160566210747,0.03443253040313721
1730994111299187493,300223104,0.004610302858054638,0.05130307748913765,0.03239738941192627
1730994111398286473,399230016,0.006253656465560198,0.0437144972383976,-0.00389094278216362
1730994111497910539,500235904,0.007635405752807856,0.034846436232328415,-0.019551916047930717
1730994111599178470,600240768,0.008879443630576134,0.025000130757689476,-0.038182977586984634
1730994111698750636,700247424,0.010197659954428673,0.01392892561852932,-0.06454519927501678
1730994111797510606,800253824,0.011499964632093906,0.0024556873831897974,-0.06389133632183075
1730994111899387182,900257920,0.012963593006134033,-0.009660803712904453,-0.06315167993307114
1730994111998437163,265344,0.014245003461837769,-0.02187401056289673,-0.06315167993307114
1730994112097525980,100270208,0.015328794717788696,-0.03372572734951973,-0.06315167993307114
1730994112199453800,200274816,0.016427308320999146,-0.04456228017807007,-0.06315167993307114
1730994112298357854,300282240,0.01784127578139305,-0.0544869527220726,-0.06315167993307114
1730994112397825396,400285824,0.019188370555639267,-0.06291651725769043,-0.06315167993307114
1730994112499472456,500289920,0.020320067182183266,-0.06968335807323456,-0.06315167993307114
1730994112598367882,600296832,0.021531205624341965,-0.07479541003704071,-0.06315167993307114
1730994112697440600,700303744,0.021996885538101196,-0.07811427861452103,-0.06315167993307114
1730994112799198665,800309120,0.022296994924545288,-0.07945922762155533,-0.06191382557153702
1730994112898282609,900314496,0.022262001410126686,-0.07908595353364944,-0.05539317429065704
1730994112997667906,319872,0.021718690171837807,-0.07673785835504532,-0.005143282003700733
1730994113099460967,100323968,0.020872721448540688,-0.07223779708147049,0.00627589225769043
1730994113198962098,200331392,0.01976831816136837,-0.06604739278554916,0.010237812995910645
1730994113297644392,300338816,0.018557801842689514,-0.05854329839348793,0.01387631893157959
1730994113399349736,400343936,0.01711116172373295,-0.04937354102730751,0.010094033554196358
1730994113498992523,500350336,0.01600828766822815,-0.03911387920379639,0.01169163454324007
1730994113598252685,600356736,0.01479692105203867,-0.02685718424618244,0.01540885679423809
1730994113700269799,700361088,0.01339626032859087,-0.013602090068161488,0.017024734988808632
1730994113798559772,800368000,0.010997933335602283,-0.0005569577333517373,0.053203701972961426
1730994113897726330,900374144,0.008412405848503113,0.012850796803832054,0.12367433309555054
1730994113999528537,378496,0.004856279585510492,0.02731153927743435,0.13468150794506073
1730994114098509209,100385152,0.0014812946319580078,0.04141872003674507,0.13468150794506073
1730994114197908917,200390016,-0.001487579895183444,0.05453474447131157,0.13307110965251923
1730994114300164290,300394624,-0.0041186329908668995,0.0667262077331543,0.13188312947750092
1730994114398636359,400401792,-0.005955302622169256,0.0783788338303566,0.13188312947750092
1730994114497665081,500408960,-0.00756026478484273,0.08861403167247772,0.13188312947750092
1730994114599089226,600412800,-0.007744634058326483,0.09759330749511719,0.13188312947750092
1730994114698673839,699418688,-0.007682517170906067,0.10516262799501419,0.13188312947750092
1730994114797782317,800423808,-0.007746049668639898,0.11090298742055893,0.13188312947750092
1730994114899533901,900427904,-0.007799616549164057,0.11487394571304321,0.13188312947750092
1730994114998456635,435072,-0.007840385660529137,0.11663179099559784,0.13188312947750092
1730994115097743801,100441216,-0.0074183642864227295,0.11654821783304214,0.13188312947750092
1730994115199367334,200445568,-0.006093749310821295,0.11483792960643768,0.13188312947750092
1730994115298333147,300451712,-0.004214271903038025,0.11156187206506729,0.13188312947750092
1730994115398408524,400457856,-0.0014745562803000212,0.1065743938088417,0.13188312947750092
1730994115499513531,500462208,0.0018302142852917314,0.09979599714279175,0.13188312947750092
1730994115598166842,600470400,0.005269864108413458,0.09167492389678955,0.13188312947750092
1730994115697974748,700474496,0.008744224905967712,0.08250969648361206,0.13188312947750092
1730994115799784633,800478336,0.011852338910102844,0.07208649814128876,0.13188312947750092
1730994115898615136,900483456,0.014470651745796204,0.060770224779844284,0.13188312947750092
1730994115997920136,489344,0.01643512211740017,0.04901929944753647,0.13188312947750092
1730994116099638206,100493696,0.01784229464828968,0.03708287328481674,0.13188515603542328
1730994116198693047,200500864,0.0017335359007120132,0.044760651886463165,0.11340050399303436
1730994116298371863,300506496,-0.02440384402871132,0.09331918507814407,0.05583178997039795
1730994116399563875,400510592,-0.05210307985544205,0.18563248217105865,-0.016997672617435455
1730994116498557551,500516992,-0.08076909184455872,0.32372069358825684,-0.08822104334831238
1730994116598114165,600521856,-0.10957548022270203,0.5076376795768738,-0.15890884399414062
1730994116699420701,700526208,-0.13775117695331573,0.7378696799278259,-0.23076148331165314
1730994116798534399,800532608,-0.16266211867332458,0.8775820136070251,-0.24367161095142365
1730994116898130436,900535680,-0.17682267725467682,1.0270555019378662,-0.15595650672912598
1730994116999744626,539776,-0.18121337890625,1.0974730253219604,-0.00026159663684666157
1730994117098962031,100546944,-0.17572900652885437,1.088492512702942,0.10511846095323563
1730994117197861938,200552576,-0.16038955748081207,1.0001648664474487,0.1318831443786621
1730994117299340227,300557184,-0.14149071276187897,0.8823146224021912,0.13188312947750092
1730994117398262708,399564352,-0.12269549071788788,0.7651105523109436,0.13188312947750092
1730994117497920911,500570496,-0.10427676886320114,0.6502541899681091,0.13188312947750092
1730994117599514989,600575104,-0.08658210188150406,0.5399129390716553,0.1254754513502121
1730994117698151383,700582272,-0.06994860619306564,0.4361889660358429,0.11129587888717651
1730994117797519417,800590464,-0.0546313039958477,0.3406726121902466,0.1124480590224266
1730994117899374528,900593536,-0.040803469717502594,0.25444433093070984,0.1124480590224266
1730994117998383810,601984,-0.02868688851594925,0.17888714373111725,0.1124480590224266
1730994118097782882,100608640,-0.018498951569199562,0.1153566986322403,0.1124480590224266
1730994118199829730,200612480,-0.010358879342675209,0.06459642201662064,0.1124480590224266
1730994118298312284,300619392,-0.004419749602675438,0.027560895308852196,0.1124480590224266
1730994118397735240,400625024,0.0007113867904990911,0.0024009053595364094,0.1124480590224266
1730994118499627533,500628864,0.005143309943377972,-0.009524891152977943,0.1124480590224266
1730994118598627372,600635264,0.002587676513940096,-0.004825139418244362,0.1124480590224266
1730994118698249979,700640896,-0.002175368368625641,-0.0010200320975854993,0.1124480590224266
1730994118799764716,800644992,-0.008652068674564362,-0.0017584144370630383,0.1124480590224266
1730994118898631286,900652160,-0.016429487615823746,-0.00026907920255325735,0.1124480590224266
1730994118998598598,657024,-0.025715891271829605,0.0029895424377173185,0.1124480590224266
1730994119100602171,100661120,-0.012243838980793953,-0.006622246466577053,0.1124480590224266
1730994119198736012,200668288,0.009034095332026482,-0.024615149945020676,0.1124480590224266
1730994119297876305,300673664,0.01158901210874319,-0.024828258901834488,0.1124480590224266
1730994119399552543,400678016,0.007439694367349148,-0.015193674713373184,0.1124480590224266
1730994119498703656,500684672,0.0014634260442107916,-0.002988673746585846,0.1124480590224266
1730994119597987827,600691584,-0.008554702624678612,0.00469393702223897,0.1124480590224266
1730994119699629604,700695424,-0.030445927754044533,0.014919512905180454,0.1124480590224266
1730994119798515830,800699776,-0.05276098474860191,0.0227375328540802,0.1124480590224266
1730994119897565109,900705408,-0.07446438819169998,0.028550708666443825,0.1124480590224266
1730994119999893957,709760,-0.09500868618488312,0.031654972583055496,0.1124480590224266
1730994120099337483,100716928,-0.11464988440275192,0.031165849417448044,0.1124480590224266
1730994120198161375,200723072,-0.13353446125984192,0.026384597644209862,0.1124480590224266
1730994120299794554,300726912,-0.15094776451587677,0.018539398908615112,0.1124480590224266
1730994120398796035,400733312,-0.16707785427570343,0.007699447683990002,0.1124480590224266
1730994120497781361,500739200,-0.18110604584217072,-0.005500495433807373,0.1124480590224266
1730994120599693412,600743296,-0.19319643080234528,-0.02138262428343296,0.1124480590224266
1730994120698542381,700749440,-0.20307093858718872,-0.03992179408669472,0.1124480590224266
1730994120798104928,800754560,-0.2104165405035019,-0.06057940050959587,0.1124480590224266
1730994120899629917,900759168,-0.21497973799705505,-0.08246949315071106,0.1124480590224266
1730994120998610131,766336,-0.21679754555225372,-0.10521087795495987,0.1124480590224266
1730994121098031821,100774016,-0.21581923961639404,-0.1284472644329071,0.1124480590224266
1730994121199712781,200778368,-0.21238577365875244,-0.15094958245754242,0.1124480590224266
1730994121298774261,300784768,-0.20682145655155182,-0.17273956537246704,0.1124480590224266
1730994121398110045,400789888,-0.19909562170505524,-0.19336262345314026,0.1124480590224266
1730994121499700750,500792960,-0.18973062932491302,-0.2120022475719452,0.1124480590224266
1730994121598607141,600799104,-0.17868727445602417,-0.22846738994121552,0.1124480590224266
1730994121698144048,700805760,-0.16619756817817688,-0.24212756752967834,0.1124480590224266
1730994121799512759,800809600,-0.15256156027317047,-0.252772718667984,0.1124480590224266
1730994121898424292,900809088,-0.1378345787525177,-0.2601572275161743,0.1124480590224266
1730994121998034183,814208,-0.12240561097860336,-0.26391130685806274,0.1124480590224266
1730994122099786410,100817280,-0.10650207847356796,-0.2640550434589386,0.1124480590224266
1730994122198361654,200823680,-0.09009306132793427,-0.260253369808197,0.1124480590224266
1730994122297968211,300830592,-0.07361456751823425,-0.25287047028541565,0.1124480590224266
1730994122399947264,400833920,-0.05750390142202377,-0.2419220209121704,0.09803654253482819
1730994122498852628,500840064,-0.04206763580441475,-0.22879546880722046,0.02377830259501934
1730994122598683241,600845696,-0.02724483609199524,-0.21227359771728516,0.0024771690368652344
1730994122699519555,700849792,-0.01319943368434906,-0.1922549456357956,0.008658409118652344
1730994122799294451,800857472,-0.0005119979032315314,-0.1698453724384308,0.0129241943359375
1730994122897993692,900864384,0.010725880973041058,-0.1455957442522049,0.014819622039794922
1730994122999742880,867968,0.020737983286380768,-0.11992393434047699,0.015157938003540039
1730994123098779196,100874624,0.029615048319101334,-0.09311103075742722,0.015097856521606445
1730994123197864680,200880000,0.03715609014034271,-0.06527412682771683,-0.02487974800169468
1730994123300982301,300884352,0.042919181287288666,-0.036969851702451706,-0.0659361183643341
1730994123398799236,400890240,0.047302477061748505,-0.011786145158112049,-0.06454519927501678
1730994123498332776,500895104,0.02421419881284237,-0.02237643487751484,-0.06454519927501678
1730994123600132602,600898432,0.01654020883142948,-0.04105820134282112,-0.06315167993307114
1730994123699546387,700905344,0.018640099093317986,-0.06786082684993744,-0.06176089122891426
1730994123798072288,800912000,0.026289787143468857,-0.10919927060604095,-0.06176089122891426
1730994123899756501,900914304,0.0366811603307724,-0.1594904214143753,-0.06176089122891426
1730994123998561410,921216,0.04784902185201645,-0.21190455555915833,-0.10162819921970367
1730994124098224778,100928384,0.059410709887742996,-0.2654167115688324,-0.16861969232559204
1730994124199919404,200932736,0.06953254342079163,-0.3120242655277252,-0.1723937690258026
1730994124298892264,299939136,0.07667041569948196,-0.34489718079566956,-0.1723937690258026
1730994124398029599,400940416,0.07979552447795868,-0.3594512939453125,-0.17066289484500885
1730994124499926829,500943744,0.08328010141849518,-0.3755566477775574,-0.17066289484500885
1730994124598849968,600949888,0.09065146744251251,-0.40923193097114563,-0.17066289484500885
1730994124698201537,700955008,0.10152047127485275,-0.45872625708580017,-0.17066289484500885
1730994124799952037,800958592,0.11280345171689987,-0.5100638270378113,-0.17066289484500885
1730994124899640414,899962944,0.12409897893667221,-0.5614332556724548,-0.17066289484500885
1730994124998076679,968320,0.13305465877056122,-0.6021711826324463,-0.17203524708747864
1730994125099844457,100971904,0.1292179375886917,-0.5848735570907593,-0.17413154244422913
1730994125198889956,200978304,0.11750666797161102,-0.5318652987480164,-0.17413154244422913
1730994125298015450,300982912,0.09695184230804443,-0.43874433636665344,-0.17413154244422913
1730994125399406066,400986752,0.06626691669225693,-0.2996678948402405,-0.17413154244422913
1730994125499474267,500994176,0.03828844800591469,-0.17286132276058197,-0.17413154244422913
1730994125597762044,600998784,0.009535131976008415,-0.042542800307273865,-0.17413154244422913
1730994125699741993,701002880,-0.015305995009839535,0.06999613344669342,-0.17413154244422913
1730994125798785134,801008256,-0.03531970828771591,0.16070911288261414,-0.17413154244422913
1730994125897810946,901006720,-0.04787814989686012,0.21762360632419586,-0.17282673716545105
1730994125999662464,1008000,-0.05065007507801056,0.23015721142292023,-0.17378327250480652
1730994126098874462,100012352,-0.04544980823993683,0.20652687549591064,-0.17413154244422913
1730994126198031875,201017216,-0.03889661654829979,0.17674873769283295,-0.17299585044384003
1730994126299869379,301021312,-0.031302038580179214,0.14223846793174744,-0.1805405169725418
1730994126399317257,401024896,-0.023184852674603462,0.10535399615764618,-0.25142133235931396
1730994126497628320,501029760,-0.012610800564289093,0.0573379285633564,-0.30572953820228577
1730994126600081456,601032832,0.0011935029178857803,-0.005337045527994633,-0.3046857714653015
1730994126698947645,701040000,0.007360784336924553,-0.03334420546889305,-0.30237406492233276
1730994126797846799,801044352,0.010023719631135464,-0.04543383792042732,-0.30237406492233276
1730994126900545949,901049728,0.012557007372379303,-0.05693056806921959,-0.30237406492233276
1730994126999026611,1055616,0.014215211383998394,-0.06445591151714325,-0.2662387192249298
1730994127098740138,101060224,0.01571733132004738,-0.07127205282449722,-0.18011845648288727
1730994127199985965,201063296,0.018752777948975563,-0.08504193276166916,-0.15705735981464386
1730994127299048165,301067904,0.020246313884854317,-0.09181774407625198,-0.1603194773197174
1730994127398192238,400072512,0.01697489432990551,-0.07698174566030502,-0.1634705662727356
1730994127500227830,501075584,0.01288153138011694,-0.05841820687055588,-0.16551116108894348
1730994127598863116,601080704,0.008700728416442871,-0.03945818915963173,-0.16551116108894348
1730994127698136156,701085312,0.005617206450551748,-0.02547438256442547,-0.16551116108894348
1730994127800720040,801089152,0.002543776063248515,-0.011536181904375553,-0.16551116108894348
1730994127899383689,901093504,0.0003836232062894851,-0.00173975492361933,-0.16551116108894348
1730994127998202916,1099136,0.0063451617024838924,0.0023428916465491056,-0.1398964375257492
1730994128099749986,101093760,0.016494648531079292,0.0075546023435890675,-0.06944700330495834
1730994128198792474,200101440,0.026514098048210144,0.013803672976791859,-0.05898731201887131
1730994128298125571,301107328,0.03551129251718521,0.022135388106107712,-0.05760439485311508
1730994128399795380,401110656,0.042995791882276535,0.03191419690847397,-0.05760439485311508
1730994128498931166,501114752,0.04899131506681442,0.04293262958526611,-0.05760439485311508
1730994128598230032,601119104,0.05332325026392937,0.054923415184020996,-0.05760439485311508
1730994128700800919,701123200,0.05643678829073906,0.06726164370775223,-0.05760439485311508
1730994128798969848,800129088,0.0588621087372303,0.07926285266876221,-0.05760439485311508
1730994128898331913,901129856,0.055250898003578186,0.0775308832526207,-0.05760439485311508
1730994129000201152,1132928,0.030892005190253258,0.0424354262650013,-0.043215908110141754
1730994129098694197,101139328,0.012329456396400928,0.01693660579621792,-9.361305274069309e-05
1730994129198161477,201145216,0.001739423954859376,0.0023893944453448057,-0.0017293691635131836
1730994129299539461,301149056,0.0011215880513191223,0.007449280936270952,-0.004451632499694824
1730994129399323805,401155200,0.0029410719871520996,0.01962035894393921,-0.005177855491638184
1730994129498048519,501161088,0.00395593699067831,0.030742298811674118,-0.004345893859863281
1730994129600072263,601164416,0.007690863683819771,0.03514111414551735,-0.0028417110443115234
1730994129698679030,701171328,0.028657326474785805,0.01933339610695839,-0.0013420581817626953
1730994129798172489,801176704,0.047758493572473526,0.016524631530046463,0.0003434419631958008
1730994129900610251,901179264,0.06360863149166107,0.01730276271700859,0.0023804903030395508
1730994129998928100,1185920,0.08535779267549515,0.02083384245634079,0.004105687141418457
1730994130097882725,101191808,0.10809381306171417,0.02519989013671875,0.006545901298522949
1730994130199809061,201193856,0.1310456246137619,0.029903562739491463,0.008187174797058105
1730994130298829615,301200000,0.1506366729736328,0.03400387987494469,0.00991809368133545
1730994130398063729,400205376,0.17070649564266205,0.038282375782728195,0.01176762580871582
1730994130499838245,501206144,0.1863878071308136,0.04163594916462898,0.013246655464172363
1730994130598957944,601212288,0.1821158081293106,0.040616028010845184,0.014806389808654785
1730994130698116419,701216640,0.1557340770959854,0.034726582467556,0.01707899570465088
1730994130800161511,801219200,0.12321186065673828,0.026406921446323395,0.020014047622680664
1730994130899025665,901224832,0.09961901605129242,0.0025565577670931816,0.023554682731628418
1730994130998201205,1229952,0.08428367972373962,-0.025933820754289627,0.026462912559509277
1730994131100189526,101223808,0.07263613492250443,-0.04454176872968674,0.028800368309020996
1730994131198948704,200228928,0.062242988497018814,-0.04960178583860397,0.030481576919555664
1730994131298525132,301233280,0.05106941983103752,-0.043536555022001266,0.03185224533081055
1730994131400396479,401235840,0.036826957017183304,-0.03139488771557808,0.03236854076385498
1730994131499028266,501241472,0.021869590505957603,-0.01864377222955227,0.03209340572357178
1730994131598304932,601246336,0.008791379630565643,-0.007494628429412842,0.031635165214538574
1730994131700187746,701249408,0.0009963042102754116,-0.0008493468048982322,0.032230257987976074
1730994131798972526,801250688,-0.0018473714590072632,0.0007814168930053711,0.034008026123046875
1730994131898259390,901252992,-0.003616374684497714,0.001715493155643344,0.03318917751312256
1730994132000163214,1256320,-0.003985905554145575,0.0025628209114074707,-0.005053803324699402
1730994132099046765,101263232,-0.0028862878680229187,0.003231894923374057,-0.02350662648677826
1730994132198349669,201267584,-0.0006109207752160728,0.003967106342315674,-0.0639360174536705
1730994132299975993,301270400,0.0033215030562132597,0.004663133528083563,-0.06315168738365173
1730994132399003720,401276288,0.008346721529960632,0.005862664896994829,-0.06315168738365173
1730994132498547544,501276800,0.014215954579412937,0.006985187530517578,-0.06315168738365173
1730994132600100237,601279872,0.020747581496834755,0.008534431457519531,-0.06176089122891426
1730994132698750008,700285248,0.02767685241997242,0.009839736856520176,-0.05902126058936119
1730994132798307936,801289856,0.0346289686858654,0.010827493853867054,-0.05760439485311508
1730994132900125921,900291904,0.042362280189991,0.011645376682281494,-0.05622398853302002
1730994132998802078,1285760,0.03186638653278351,-0.0013598562218248844,-0.05622398853302002
1730994133098188636,101289856,0.01898246258497238,-0.03317251056432724,-0.05622398853302002
1730994133200007764,201293184,0.018078789114952087,-0.05660815164446831,-0.056072384119033813
1730994133298689490,301299584,0.021047553047537804,-0.08094746619462967,-0.05484602972865105
1730994133398606173,401304192,0.021813930943608284,-0.0896916314959526,-0.054846033453941345
1730994133500267337,501306752,0.013405793346464634,-0.055153097957372665,-0.05622398853302002
1730994133599243713,601312384,0.006654729135334492,-0.027378380298614502,-0.054846033453941345
1730994133698451830,701316480,0.02005968615412712,-0.005263760220259428,-0.05606551468372345
1730994133800174055,801319040,0.05147819593548775,0.0069495984353125095,-0.05622398853302002
1730994133899032793,901325696,0.08001608401536942,0.014957713894546032,-0.05622398853302002
1730994133998048566,1329280,0.10737747699022293,0.021787628531455994,-0.05622398853302002
1730994134100090136,101323136,0.1345692276954651,0.028228921815752983,-0.05622398853302002
1730994134199092709,201329792,0.16191965341567993,0.034539829939603806,-0.05622398853302002
1730994134298288212,301334656,0.18908624351024628,0.040720805525779724,-0.05622398853302002
1730994134400059702,401337984,0.21508772671222687,0.04659222811460495,-0.05500275269150734
1730994134499004278,501344384,0.23991264402866364,0.05217083916068077,-0.05622398853302002
1730994134598998569,601348992,0.26146528124809265,0.0570056214928627,-0.05622398853302002
1730994134700186922,701352320,0.2752298414707184,0.060107991099357605,-0.05622398853302002
1730994134798908858,801358464,0.2666742503643036,0.05827818810939789,-0.05622398853302002
1730994134898743556,901362560,0.23764100670814514,0.05193404480814934,-0.05622398853302002
1730994135000369251,1365888,0.20220550894737244,0.044189974665641785,-0.05622398853302002
1730994135099193914,101370496,0.16238179802894592,0.03548690676689148,-0.05622398853302002
1730994135198373315,201375104,0.12017297744750977,0.026262596249580383,-0.05546901002526283
1730994135300190823,301377920,0.08047670125961304,0.01758737303316593,-0.05622398853302002
1730994135399334521,401383296,0.046809837222099304,0.010229818522930145,-0.05622398853302002
1730994135498595005,501386624,0.021009037271142006,0.004591313656419516,-0.05619925633072853
1730994135600182509,601388928,0.0046086786314845085,0.0010071801953017712,-0.05622398853302002
1730994135698779567,701394560,-0.003777471138164401,-0.0010849237442016602,-0.05622398853302002
1730994135798451348,801398656,-0.012856346555054188,-0.003764843801036477,-0.05622398853302002
1730994135900075985,901400192,-0.021353235468268394,-0.006392669398337603,-0.05622398853302002
1730994135999153841,1406592,-0.028755858540534973,-0.008717894554138184,-0.05622398853302002
1730994136098330105,101411456,-0.035096604377031326,-0.011444926261901855,-0.05499377101659775
1730994136200144648,201409408,-0.0399780236184597,-0.014370369724929333,-0.05622398853302002
1730994136299800568,301416064,-0.04285544902086258,-0.018175756558775902,-0.05622398853302002
1730994136398721895,401420416,-0.0438411682844162,-0.022519076243042946,-0.05622398853302002
1730994136500349125,501422976,-0.04276666417717934,-0.026798522099852562,-0.054846037179231644
1730994136599252698,601419392,-0.039874229580163956,-0.030928026884794235,-0.05548407509922981
1730994136698791863,701423744,-0.03541160374879837,-0.034501705318689346,-0.054994452744722366
1730994136800052232,801427840,-0.029546843841671944,-0.03769826889038086,-0.05622398853302002
1730994136899179744,901432448,-0.022970881313085556,-0.04091272130608559,-0.054846033453941345
1730994136998090671,1436544,-0.015296178869903088,-0.04392899200320244,-0.05622398853302002
1730994137100145358,101430400,-0.006319340784102678,-0.046429526060819626,-0.05622398853302002
1730994137198962930,200436032,0.0031724392902106047,-0.048986684530973434,-0.05622398853302002
1730994137298309026,301440128,0.012754365801811218,-0.051438067108392715,-0.05622398853302002
1730994137400167257,401443200,0.022065117955207825,-0.053559672087430954,-0.05622398853302002
1730994137499877462,501448064,0.030865514650940895,-0.05548693984746933,-0.06575102359056473
1730994137599003259,601452160,0.03879814222455025,-0.056736528873443604,-0.11481563001871109
1730994137700155231,701452928,0.0453387126326561,-0.057724058628082275,-0.17018307745456696
1730994137798913019,801459328,0.051639482378959656,-0.057553280144929886,-0.22593636810779572
1730994137898351455,901461120,0.05959504097700119,-0.05389624834060669,-0.2850615382194519
1730994138000156792,1460864,0.06754227727651596,-0.050677262246608734,-0.3332473635673523
1730994138098843137,101467264,0.07294679433107376,-0.0501452200114727,-0.44835364818573
1730994138198323514,201471616,0.07550802826881409,-0.0514829158782959,-0.6040657162666321
1730994138300146405,301474176,0.07768382132053375,-0.051396846771240234,-0.6880388855934143
1730994138399016192,401480576,0.07936811447143555,-0.05132708325982094,-0.699999988079071
1730994138498348543,501484416,,,
1730994138600222077,601487488,,,
1730994138699625494,700493888,,,
1730994138798161445,801498240,,,
1730994138908097018,901499264,,,
1730994138998525929,1500544,,,
1730994139099923638,101494656,,,
1730994139236628299,230492864,,,
1730994139302090576,300493888,,,
1730994139401800487,401489280,,,
1730994139501094022,501483392,,,
1730994139602725373,601476992,,,
1730994139701795813,700472640,,,
1730994139801182005,801466752,,,
1730994139902961071,901459840,,,
1730994140001837950,1460352,,,
1730994140101244409,101459072,,,
1730994140203015792,201458304,,,
1730994140302000312,301458816,,,
1730994140401176349,401458816,,,
1730994140502753909,501457536,,,
1730994140601912765,601457280,,,
1730994140701292811,701456512,,,
1730994140801095367,801456256,,,
1730994140912033564,901454464,,,
1730994141001940645,1454720,,,
1730994141101180829,101454720,,,
1730994141202864361,201450880,,,
1730994141301828042,301451904,,,
1730994141401148055,401451648,,,
1730994141503280241,501449344,,,
1730994141601791821,601450880,,,
1730994141701123027,701450880,,,
1730994141802963778,801449088,,,
1730994141901918054,901447296,,,
1730994142001154270,1447552,,,
1730994142102934317,101440896,,,
1730994142201937131,201441920,,,
1730994142301150021,301441920,,,
1730994142403164231,401440128,,,
1730994142501997778,501442176,,,
1730994142598978082,601441664,,,
1730994142702799865,701439872,,,
1730994142801837198,801440896,,,
1730994142901260775,901441664,,,
1730994143002924835,1439616,,,
1730994143101818817,101441152,,,
1730994143201333263,201441920,,,
1730994143302921223,301440640,,,
1730994143401872616,401441664,,,
1730994143501097377,501441664,,,
1730994143603269155,601438080,,,
1730994143702091594,701438592,,,
1730994143801167427,801439104,,,
1730994143912165079,901437312,,,
1730994144002143245,1438592,,,
1730994144101269868,101438592,,,
1730994144212127438,201437056,,,
1730994144302024897,301437568,,,
1730994144401166898,401437312,,,
1730994144512123788,501434752,,,
1730994144602013209,601435008,,,
1730994144701614790,701435008,,,
1730994144812195006,801432192,,,
1730994144901980199,901433216,,,
1730994145001309156,1433216,,,
1730994145112246195,101426816,,,
1730994145202096977,201427584,,,
1730994145301297710,301427584,,,
1730994145412060839,401427072,,,
1730994145502008524,501427840,,,
1730994145601376399,601428096,,,
1730994145702992146,701427072,,,
1730994145802011397,801428352,,,
1730994145901373733,901428864,,,
1730994146012154268,1426304,,,
1730994146101918527,101427072,,,
1730994146201109828,201426816,,,
1730994146312206484,301422976,,,
1730994146401975296,401422208,,,
1730994146501242449,501422208,,,
1730994146613270017,601420160,,,
1730994146702001184,701420928,,,
1730994146801558829,801420928,,,
1730994146912165324,901415040,,,
1730994147001975376,1415808,,,
1730994147101414441,101416064,,,
1730994147212184077,201413504,,,
1730994147302134397,301414528,,,
1730994147401272188,401414016,,,
1730994147512262161,501412480,,,
1730994147601763731,601412992,,,
1730994147701183594,701413248,,,
1730994147812193591,801411456,,,
1730994147902128588,901409408,,,
1730994148001303748,1409152,,,
1730994148112208886,101406080,,,
1730994148202103729,201406336,,,
1730994148301403366,301405568,,,
1730994148412348428,401403008,,,
1730994148502313051,501404800,,,
1730994148601273391,601405056,,,
1730994148711974681,701403008,,,
1730994148802048247,801404288,,,
1730994148901447281,901400448,,,
1730994149012305785,1397888,,,
1730994149102299649,101397888,,,
1730994149201405119,201397888,,,
1730994149312249744,301395072,,,
1730994149402137034,401395072,,,
1730994149501108256,501394816,,,
1730994149612415916,601393024,,,
1730994149702242675,701393536,,,
1730994149801487750,801393280,,,
1730994149909869792,901389952,,,
1730994150002045162,1391744,,,
1730994150101424389,101391488,,,
1730994150209587836,201388672,,,
1730994150302100236,301387136,,,
1730994150401266766,400387392,,,
1730994150513173638,501384576,,,
1730994150602183519,601386368,,,
1730994150702043466,701386112,,,
1730994150812412847,801383296,,,
1730994150902070331,901384576,,,
1730994151001484341,1384320,,,
1730994151112568601,101377920,,,
1730994151202234985,201378944,,,
1730994151301885428,301375616,,,
1730994151412516230,401373824,,,
1730994151502287488,501373568,,,
1730994151601569902,601374592,,,
1730994151712733034,701372288,,,
1730994151802471730,801370240,,,
1730994151901433023,901371264,,,
1730994152012346426,1370496,,,
1730994152102317847,101370752,,,
1730994152201309741,201371520,,,
1730994152312619787,301369472,,,
1730994152402476224,401369728,,,
1730994152501631341,501369472,,,
1730994152612333259,601367168,,,
1730994152702203508,701367936,,,
1730994152801480467,801367936,,,
1730994152912502758,901363328,,,
1730994153002272491,1364608,,,
1730994153101508262,101364096,,,
1730994153209706585,201361792,,,
1730994153302257099,301362560,,,
1730994153401607550,401362304,,,
1730994153512425439,501360000,,,
1730994153602554466,601361024,,,
1730994153701516946,701360768,,,
1730994153813204643,801360000,,,
1730994153902181348,901362048,,,
1730994154001439871,1362048,,,
1730994154112546484,101355904,,,
1730994154202238107,201356672,,,
1730994154301726822,301357184,,,
1730994154412407362,401354880,,,
1730994154502257702,501355392,,,
1730994154601547427,601355648,,,
1730994154712519639,701354624,,,
1730994154802443441,801355136,,,
1730994154901641036,901355648,,,
1730994155012852110,1353344,,,
1730994155102280208,101354368,,,
1730994155201667855,201354624,,,
1730994155312510141,301352576,,,
1730994155402386931,401353600,,,
1730994155501454494,501353600,,,
1730994155612625898,601351040,,,
1730994155702240742,701352832,,,
1730994155801556987,801353856,,,
1730994155912367024,901350784,,,
1730994156002298431,1351808,,,
1730994156101651757,101351040,,,
1730994156212580515,201349248,,,
1730994156302342253,301350272,,,
1730994156401538687,401350784,,,
1730994156509823051,501349248,,,
1730994156602545066,601351808,,,
1730994156698920771,701351296,,,
1730994156812449697,801349248,,,
1730994156902359518,901347968,,,
1730994157001554132,1346944,,,
1730994157112475601,101340544,,,
1730994157202528783,201342336,,,
1730994157301635544,301342848,,,
1730994157412563119,401340800,,,
1730994157502266793,501341568,,,
1730994157602099409,601341824,,,
1730994157712753024,701339776,,,
1730994157802317001,801339776,,,
1730994157901634007,901340800,,,
1730994158012516748,1338752,,,
1730994158102302356,101340032,,,
1730994158201674777,201340800,,,
1730994158313089626,301339776,,,
1730994158402815992,401341312,,,
1730994158502044283,501341568,,,
1730994158613582853,601340032,,,
1730994158702295130,701341312,,,
1730994158801611866,801341312,,,
1730994158913531823,901338240,,,
1730994159002652483,1336448,,,
1730994159101817719,101336448,,,
1730994159212907363,201333376,,,
1730994159302532473,301334656,,,
1730994159402089793,401333632,,,
1730994159513234474,501332096,,,
1730994159602523696,601332864,,,
1730994159701618979,701332864,,,
1730994159809854404,801330304,,,
1730994159902400897,901331328,,,
1730994160001717147,1331328,,,
1730994160109716037,101324416,,,
1730994160202486368,201325184,,,
1730994160301512167,301325184,,,
1730994160412570699,401322112,,,
1730994160502555990,501322624,,,
1730994160601907567,601322624,,,
1730994160712627429,701320064,,,
1730994160802517804,801320832,,,
1730994160901762790,901320320,,,
1730994161012669184,1318784,,,
1730994161102425891,101317504,,,
1730994161201882421,201316736,,,
1730994161313181033,301314944,,,
1730994161402395649,401315968,,,
1730994161502112171,501315712,,,
1730994161612634786,601313152,,,
1730994161702514918,701314176,,,
1730994161801689835,801314176,,,
1730994161912586655,901312384,,,
1730994162002513767,1313920,,,
1730994162101902426,101314176,,,
1730994162212706975,201313152,,,
1730994162302471127,301313408,,,
1730994162401732756,401313664,,,
1730994162512684044,501313152,,,
1730994162602486299,601313920,,,
1730994162702081885,701314176,,,
1730994162813195372,801313152,,,
1730994162902563868,901312896,,,
1730994163001911196,1313152,,,
1730994163110181828,101307008,,,
1730994163202809602,201308800,,,
1730994163301957285,301308800,,,
1730994163412742987,401307520,,,
1730994163502564113,501308288,,,
1730994163601738275,601307776,,,
1730994163712781514,701305216,,,
1730994163802753111,801307520,,,
1730994163901868940,901307776,,,
1730994164012643628,1305472,,,
1730994164102524655,101306240,,,
1730994164201883621,201306240,,,
1730994164312633436,301302656,,,
1730994164402610496,401303168,,,
1730994164501822760,501303936,,,
