timestamp,roll,pitch
1730757553728485763,-9.527146164824625e-17,-1.194073980410329e-16
1730757553832446262,-1.2435335091746308e-16,-1.224501153468711e-16
1730757553931250954,-1.2437825808832086e-16,-1.224497286448286e-16
1730757554030092767,-1.243837081215716e-16,-1.2244964335333908e-16
1730757554132156380,-1.244232104247058e-16,-1.2244901790075774e-16
1730757554231081197,-1.2445357775686347e-16,-1.2244852841905517e-16
1730757554330135096,-1.2446765700108591e-16,-1.2244829892411786e-16
1730757554432145067,-1.2450314382174308e-16,-1.224477132964042e-16
1730757554531126860,-1.2453642156820958e-16,-1.224471547776421e-16
1730757554630226635,-1.2455384505239244e-16,-1.2244685874144004e-16
1730757554732014138,-1.2457952571970266e-16,-1.22446417888968e-16
1730757554831184284,-1.246088500641209e-16,-1.2244590789809624e-16
1730757554930165053,-1.2463222903916836e-16,-1.224454962724712e-16
1730757555032173058,-1.2465849798313723e-16,-1.2244502843685127e-16
1730757555131328094,-1.2469086693186805e-16,-1.2244444421035742e-16
1730757555230196249,-1.2471682602402777e-16,-1.2244396949021612e-16
1730757555332328912,-1.2473723186343068e-16,-1.2244359245897294e-16
1730757555431291819,-1.2476426432117935e-16,-1.2244308775172328e-16
1730757555530146359,-1.2479201911473226e-16,-1.2244256334652073e-16
1730757555632311940,-1.248160788078969e-16,-1.2244210366480895e-16
1730757555731336718,-1.2484257426649786e-16,-1.2244159197376697e-16
1730757555830618361,-1.248702565741776e-16,-1.2244105123509078e-16
1730757555932223067,-1.248926542734259e-16,-1.2244060914227813e-16
1730757556031398350,-1.2492028485822507e-16,-1.224400581140833e-16
1730757556130265283,-1.249382027125573e-16,-1.2243969744975376e-16
1730757556232077351,-1.249607963542808e-16,-1.224392389282897e-16
1730757556331208337,-1.249609201981205e-16,-1.2243923640347564e-16
1730757556430434548,-1.2501525179435468e-16,-1.224381166537017e-16
1730757556532217945,-1.2505443144856206e-16,-1.2243729421059423e-16
1730757556631151510,-1.2504866195543992e-16,-1.224374161089325e-16
1730757556730176848,-1.2507753043946418e-16,-1.2243680344877515e-16
1730757556829073767,-1.2511654454967412e-16,-1.22435964653269e-16
1730757556930272033,-1.2512600918837415e-16,-1.2243575929080463e-16
1730757557032204597,-1.2514945876503909e-16,-1.2243524733157336e-16
1730757557131627976,-1.251825896172919e-16,-1.2243451634840288e-16
1730757557231171411,-1.2519851502755022e-16,-1.2243416178581249e-16
1730757557330369560,-1.2521584410851085e-16,-1.2243377361740292e-16
1730757557430712203,-1.2524759149027094e-16,-1.2243305611550064e-16
1730757557530478590,-1.252664685935907e-16,-1.224326255816546e-16
1730757557632312481,-1.252807734612925e-16,-1.2243229738821218e-16
1730757557731364330,-1.2531039463383992e-16,-1.2243161247960452e-16
1730757557831326468,-1.2533118073654224e-16,-1.2243112757651615e-16
1730757557930286405,0.0009451128977060546,-0.000546675888669355
1730757558033237846,0.0005225991313450603,-0.00045136172650767737
1730757558132147763,0.0012748745839644162,-0.00040352744076595557
1730757558231295899,0.0006760011455849393,-0.00037291968214705383
1730757558330195993,-1.2246467991473535e-16,-1.224646799147353e-16
1730757558432337162,0.0006882985278965863,5.5517735536126774e-05
1730757558531254225,0.0010951345472928783,-0.000334638002163924
1730757558631227503,0.001031577511041536,9.344404028838071e-05
1730757558729950892,0.0009877964022333495,-0.0014572925124016214
1730757558830432581,0.001126663028338293,-0.0011108674307485418
1730757558932269033,0.0009814176777420173,-0.000331214637146075
1730757559032254806,0.002419603285869898,-0.003684656028378115
1730757559131321070,0.0013353633189846334,-7.031341427144613e-05
1730757559230287616,0.003538445035804356,-0.000594996155409205
1730757559330217465,0.0006677017202041122,-0.00017610089634217634
1730757559432267690,0.005285902106600496,0.0012263836124850225
1730757559531383519,0.007939333832368299,0.0003850144696654873
1730757559630387569,0.012124225603908675,0.0007655495321953377
1730757559732401126,0.009569503989519734,-0.0011355009512335566
1730757559832185765,-0.002898168970274304,-0.0006497016456464528
1730757559931550663,-0.0004549919379929075,0.002447829494338659
1730757560030207241,0.006474310216514809,0.00021242864689217326
1730757560132145680,-0.005269225536135248,-0.0013413618532574182
1730757560231466508,-0.001432830177067231,0.0031031475908953826
1730757560330325550,0.002661101283835384,0.0026876919296666816
1730757560430312594,-0.001213532096520085,0.00306192709949232
1730757560532366682,0.0062856217411135186,0.0007385278550627459
1730757560631263119,0.005204451094570925,0.005650031959302828
1730757560730303680,0.009183333096979544,0.0005528088962866643
1730757560832333076,0.002451271016849221,0.0033933890381822717
1730757560932368557,0.008302040106189627,-0.0018213878406314293
1730757561031230895,0.014121361470834776,-0.0006206962788373984
1730757561130471382,0.012938569670387033,0.0011816142113078574
1730757561232568130,0.013228935500943659,-0.0014639015949015864
1730757561331308340,0.01085734529462001,0.0045564103099181375
1730757561430395436,0.021034291393740807,-0.000446063589161965
1730757561530805751,0.01943824167241656,0.005231081802685783
1730757561632490595,0.018919347412128636,0.005965347259561917
1730757561730385074,0.017836742431973883,0.005852112816924028
1730757561832242342,0.021005022734261188,0.006138186932163356
1730757561931360662,0.016552574693842664,0.0054341013993785955
1730757562030342007,0.015145182600277042,0.007016107569129647
1730757562130402907,0.016851213588585063,0.006845144649979501
1730757562232402920,0.021992902246859163,0.0038867759232026635
1730757562332429651,0.021576844108499662,0.0073311871514911715
1730757562773517173,0.020812091124562684,0.00898898075536075
1730757562786133633,0.0193338150983462,0.006708642133955463
1730757562797265329,0.014816723386567778,0.008188750661150516
1730757562803800115,0.020873482086773396,0.006916433187173047
1730757562831240213,0.019239001024755953,0.006872627967729427
1730757562930213725,0.019326295640512497,0.009010324087129398
1730757563032338520,0.015548609045560068,0.007193425013145664
1730757563131434140,0.017642415118327353,0.009155682251762276
1730757563230441579,0.01898251364603711,0.012745167309737775
1730757563330843150,0.02235334399465687,0.008922295887936681
1730757563431375281,0.018946071780832945,0.009070062115651065
1730757563530355083,0.020430487465922093,0.008292171703534842
1730757563632773372,0.01934257533585469,0.00839175238382993
1730757563731295226,0.016033632160480503,0.010390471650372584
1730757563831489547,0.015122059321574583,0.005412948489805184
1730757563930584897,0.018314278190129953,0.00833326581056822
1730757564030377571,0.014052290395399247,0.007592773379957884
1730757564132595849,0.013949325681111246,0.005639246035253399
1730757564232610129,0.014249063378822651,0.004169816615339575
1730757564331363573,0.018362561535803106,0.00765576833566721
1730757564430590644,0.017064677177790043,0.0034918796500611493
1730757564532458611,0.018183056579058113,0.008211989776182118
1730757564631504983,0.02131204790786261,0.0033122332756175413
1730757564730681998,0.014361138849767379,0.005566957266937293
1730757564830561940,0.01947840806748602,0.007808624597283976
1730757564932450414,0.020307711601823986,0.007810496223868639
1730757565032378029,0.020216802011864512,0.010333369907130142
1730757565131354436,0.017066437264746822,0.004769119926467968
1730757565230468165,0.014633160986031174,0.007773043184113348
1730757565332387257,0.014359726906117984,0.007582804864208642
1730757565431489718,0.018831290368758028,0.005883669913104763
1730757565531458627,0.016273910824130548,0.009401872395807705
1730757565630483851,0.01823446476383302,0.004770857426623615
1730757565733685660,0.020796203540667548,0.0027452785859470195
1730757565832417925,0.017510115465681157,0.003953327369924096
1730757565931279135,0.01387752210410446,0.0034441999155650186
1730757566030329078,0.017247722789192548,0.0022796052802388682
1730757566132337855,0.015686370973596576,0.004434273305450046
1730757566231811961,0.020018307252585757,0.003303435499360001
1730757566330494500,0.016126567876881222,0.004961299897033473
1730757566432383156,0.015269210495799303,0.0013916400145163584
1730757566531444613,0.016797208848986982,-0.003112261847246285
1730757566630378070,0.013681154239466153,0.0005875179658690274
1730757566732350406,0.015403754920835917,0.002118008463992983
1730757566831713803,0.013732534325964003,0.0017633194390991663
1730757566930474721,0.018075383881104676,-0.0013529280581905225
1730757567030405565,0.01594281181923657,0.004311074383848255
1730757567132523095,0.015216340998431218,-0.0003018985583153075
1730757567231310097,0.01631470557616183,0.00234839351628054
1730757567330544495,0.01561308836187318,-0.0021330464882938567
1730757567432519801,0.01632854991182363,0.0007297136378377598
1730757567532578580,0.014718491833237222,0.003396719710039045
1730757567631562794,0.017351593077414337,0.0038518395650672063
1730757567730572381,0.014130079448625259,0.006021885841879016
1730757567832367319,0.019791049376789948,0.008093705687324931
1730757567931443265,0.014648479538477031,0.009863490458632237
1730757568030522661,0.01848214019531072,0.007165397266620588
1730757568130447822,-0.05758755726761435,0.3031306057841312
1730757568232284964,-0.04858207436617648,0.2884770718698959
1730757568331443239,-0.03719917263095387,0.24721032751531166
1730757568430337847,-0.022978512801211007,0.1990427905403416
1730757568532486478,-0.019511309280952467,0.1608567882279119
1730757568632505351,-0.010196183775810943,0.13060937848233806
1730757568731364183,-0.005454128320816027,0.1078596014613405
1730757568830582214,0.004285937206226286,0.07668465736267574
1730757568932843362,0.005220353362779551,0.05126897657232254
1730757569031654366,0.008099895599938017,0.026060563736524538
1730757569130590756,0.014250690794056447,0.016503385605101974
1730757569230499031,0.016852605872739665,-0.00880736806065468
1730757569332596561,0.018332986864794124,-0.01692211252902868
1730757569432517169,0.025318683563954315,-0.040923018442154784
1730757569531445682,0.02442993510113139,-0.04449853110187774
1730757569630584799,0.02905746635285569,-0.05794568717719185
1730757569732862394,0.03409768372814343,-0.06533438780456938
1730757569831389007,0.03924323625886074,-0.07760075864357897
1730757569931496082,0.04013595112661849,-0.07536043214480376
1730757570030871024,0.041766905089858544,-0.08389454970485033
1730757570133909498,0.04286199624804387,-0.08310881397418372
1730757570232575973,-0.35453864783690187,-0.08004221995079834
1730757570331639730,-0.32570883582257115,-0.07790149543526455
1730757570431507408,-0.27193941499209395,-0.0754583353368381
1730757570530473451,-0.21481426951122404,-0.07207702210449946
1730757570630487011,-0.16241985420449132,-0.06992327448803601
1730757570732530437,-0.11940563356286417,-0.057435127402629085
1730757570832442289,-0.08300187955127529,-0.048650400977236434
1730757570931446667,-0.04866315882491975,-0.04087788378364872
1730757571030514734,-0.02249265006693552,-0.030792440481877875
1730757571132627842,-0.001230213798269779,-0.020601861044094272
1730757571231461994,0.022826659393405696,-0.010492356613045657
1730757571330670660,0.04583567744793468,-0.0011123886652928275
1730757571430585037,0.059391362266370866,0.009203453530840117
1730757571532678080,0.07324171982322421,0.01246886731496673
1730757571631720690,0.08880879346526997,0.0183991033729827
1730757571730713683,0.10486473694255029,0.022593022212661292
1730757571832374511,0.11695607765071044,0.030896299005538534
1730757571932502367,0.12101235709528542,0.035990306671605764
1730757572031519374,0.13101113062166705,0.03643027535050512
1730757572130652499,0.13294282286030457,0.038410793411554435
1730757572232692251,0.13599539973100572,0.044080642613117955
1730757572331691005,0.13262830826309102,0.04054394304506976
1730757572430592380,0.12909078688175868,0.04234841252445873
1730757572530657033,0.1296301839522685,0.04660906754833771
1730757572632724084,0.12216929549073992,0.04156699929217118
1730757572732621255,0.10846357281030342,0.032195194010949967
1730757572831493102,0.10068788942987764,0.03454459487543028
1730757572931161904,0.08848783149940914,0.027909516383254878
1730757573032781552,0.07186252816792105,0.0282966837218122
1730757573131573095,0.06779147577066642,0.018532388069388794
1730757573231761282,0.05304682585775629,0.012966082159612546
1730757573330745437,0.03685187036802343,0.006976915364352737
1730757573433815459,0.023356557752011824,0.001422989464326464
1730757573532682716,0.010845372676295494,0.0038343435166973807
1730757573631835923,0.003409303866212763,-0.010800354451357986
1730757573731736825,-0.006089709950885709,-0.015316733869860065
1730757573830749556,-0.013799345662967366,-0.017659211359177085
1730757573930778743,-0.016011539173574795,-0.37842253469684195
1730757574032855309,-0.019667355285597703,-0.3574812170682146
1730757574132981412,-0.03057642010166732,-0.3008388739540732
1730757574231830560,-0.03393054898186056,-0.24817262377417484
1730757574331627846,-0.03826627325060946,-0.20678785982070363
1730757574430835515,-0.03778579747779444,-0.16541671603141866
1730757574533754468,-0.030736571276191164,-0.12525661262529908
1730757574632599960,-0.03391571414586457,-0.09413468616676192
1730757574731733347,-0.030078956651946896,-0.059995785039455546
1730757574832154020,-0.02172627201271684,-0.025535898305311104
1730757574930647559,-0.016386008818638997,-0.00780310579716647
1730757575032740075,-0.00439040765354176,0.01749108531357409
1730757575131749218,0.004804582810555862,0.04798625551592878
1730757575230749974,0.006538371618913113,0.06365527077423304
1730757575330749905,0.015856785057873347,0.08569040641477683
1730757575432773364,0.02205835353155362,0.09644694246933312
1730757575532784144,0.02644179033995577,0.1080618257670006
1730757575631804204,0.038551402334644526,0.12642302121798937
1730757575730996530,0.040098768926686346,0.13270694555741921
1730757575830526157,0.04481650002283816,0.13622775829481862
1730757575932692823,0.04992821346039923,0.1444217379005448
1730757576032104393,0.05214638935591885,0.1426220226165741
1730757576130744371,0.05501962616899015,0.13794654293597214
1730757576232363058,0.057817377845936206,0.13020274866525244
1730757576333069785,0.058867563098437124,0.12060224303302662
1730757576431657150,0.06290482786588486,0.11590890808649179
1730757576530676713,0.05912236378154253,0.10559848953638698
1730757576632725161,0.05452025145273408,0.0915131430874725
1730757576731710262,0.051672246170373096,0.0779600627457019
1730757576830616182,0.05140906617142045,0.0700405893517413
1730757576930681133,0.04557167130636411,0.05353580986306681
1730757577032720237,0.04486224253807338,0.043499826955715845
1730757577131650169,0.0368588853154925,0.021279315182100095
1730757577230733806,0.031028440328550448,0.008895056905715792
1730757577332694304,0.025482518157330596,-0.0018939104054776772
1730757577432447990,0.021437380554628186,-0.011907239887051935
1730757577531917264,0.015302178899675377,-0.026128264392371117
1730757577631750080,0.009259320548412052,-0.03224492878289785
1730757577730778620,0.003151564195887607,-0.04102685386020872
1730757577834146448,0.004220511047651286,-0.050345392019008145
1730757577932843627,-0.002051216830435021,-0.05088143993598591
1730757578031821663,0.3581864992351905,-0.05629684003310294
1730757578131773579,0.3324474310398392,-0.05468668651147371
1730757578230839006,0.2694558822428069,-0.05374526190578872
1730757578332809136,0.2148662184440581,-0.052435338412864144
1730757578431719157,0.17436178587243356,-0.045787159659881733
1730757578531019023,0.13407263206561343,-0.040746536415376775
1730757578630750922,0.10097570306460531,-0.0406729769893656
1730757578732857885,0.06533387614112394,-0.032639506339020304
1730757578832627722,0.035986405197393476,-0.02649325054646874
1730757578931680452,0.01344663387561605,-0.013851331559708831
1730757579030568570,-0.01675576949290832,-0.014319946187568652
1730757579130590865,-0.028264489689891457,-0.004991786537697995
1730757579232700766,-0.04032683122637875,0.008374635519695412
1730757579331661154,-0.05642112335979831,0.019914036224315163
1730757579430743601,-0.0712371622999361,0.026729978606237825
1730757579532958464,-0.07580670276693238,0.026632789037479104
1730757579631793269,-0.08630440394109572,0.03731672916913407
1730757579730842990,-0.0902806228947669,0.03725857783750545
1730757579833159351,-0.0943213457024732,0.047353263068427756
1730757579932889960,-0.09955799553250853,0.04458201307765936
1730757580031788193,-0.09417668563633502,0.05198054338089118
1730757580130935458,-0.09079185949288601,0.05297152395080132
1730757580230901101,-0.08410536606880886,0.05208029084604076
1730757580332769737,-0.08321319425052402,0.04510865218807554
1730757580431790498,-0.07301881948251915,0.051597938262641516
1730757580530813716,-0.06838524046212732,0.046565510380304265
1730757580632744750,-0.05412272596361511,0.04291807947309723
1730757580732733731,-0.04063954881798325,0.040105187986812785
1730757580831712781,-0.03382757318729664,0.03316165410064216
1730757580932316717,-0.018671432863727938,0.02334993748725982
1730757581030757078,-0.006491847076339388,0.0225370791978513
1730757581134005784,0.004246445109581326,0.021300239465367184
1730757581232849241,0.01620107575173249,0.011852356554430747
1730757581331754385,0.02520421327378148,0.008697735101084136
1730757581431814101,0.030546852848309693,0.005076849715030577
1730757581530829122,0.046256668249643244,-0.000993168081166178
1730757581632794257,0.05337849239274343,-0.007580142227682465
1730757581731722345,0.05305096077184923,-0.01569942510700203
1730757581830721784,0.06150997407763193,-0.01575751731175474
1730757581930791772,0.055202062069637514,0.3500670528336859
1730757582032688567,0.056398413915088284,0.3261610821762216
1730757582132758186,0.061527401484750895,0.27081567186332367
1730757582231689350,0.059303956420646724,0.21005045346354778
1730757582331089406,0.06663912044389018,0.166002766262166
1730757582430845961,0.05533634996129043,0.11930649358620421
1730757582532765060,0.05647526365017712,0.08677838793226585
1730757582631786216,0.04733185633389252,0.053086385581320415
1730757582730733117,0.048305931195427934,0.029663719122892566
1730757582832803100,0.035753199489300176,7.938730365765565e-05
1730757582932782228,0.026266793687277513,-0.01510263575991442
1730757583031685096,0.02472516327731466,-0.03863968880059327
1730757583131968636,0.014862200295272862,-0.04834366333910761
1730757583230956320,0.0074522690719226875,-0.06663020799564241
1730757583334019896,0.0022378728290243692,-0.07843076772656259
1730757583432647838,0.0001357460712257469,-0.09015569842789642
1730757583531889768,-0.00699866089183614,-0.09928695350172491
1730757583631840272,-0.015585459227312973,-0.10220267405293325
1730757583731139637,-0.013383831886488408,-0.10936537632035952
1730757583830781965,-0.018342405195811283,-0.11527205374694478
1730757583932626060,-0.40662994389855206,-0.11103766607474438
1730757584033156367,-0.37813673474493514,-0.11153567759275565
1730757584131880641,-0.32713043303676564,-0.10294571399806572
1730757584230797414,-0.2728865129043872,-0.09668930487654631
1730757584333188139,-0.2212663201018015,-0.09406340132252672
1730757584431991505,-0.173894308539127,-0.08233428497198818
1730757584530887823,-0.13552546285302894,-0.07360663000992436
1730757584630986379,-0.09662963629981144,-0.05779960575055594
1730757584733006904,-0.06356973202492779,-0.043686848578768596
1730757584832942057,-0.03144226964468447,-0.027153454098740513
1730757584931911972,0.0052541128790947085,-0.014325378823064276
1730757585031977644,0.025648906016859045,-0.006540412610434394
1730757585130854012,0.04665825078665471,0.00679923997098527
1730757585230962841,0.07334937975994864,0.0164703115762977
1730757585332962792,0.09311331629199285,0.02340614945323769
1730757585433227299,0.11445332654943063,0.031928299186454685
1730757585531867077,0.1274300043047015,0.03731227898809689
1730757585630704323,0.13774199553786318,0.04046788374407116
1730757585730871326,0.1450250753296331,0.04768477350571155
1730757585833003396,0.1555316057979044,0.053334756642254046
1730757585931832762,0.1591743688767325,0.05978144883004567
1730757586031243029,0.15618888945951143,0.062293135053641126
1730757586132895549,0.15725001624346954,0.062214319531316335
1730757586232973667,0.15211045027915,0.0518348768225474
1730757586331899236,0.1403653389410729,0.04886005273133038
1730757586430824635,0.1343098427089645,0.05154513517188758
1730757586533528444,0.1186344519964777,0.04701176101172492
1730757586632088429,0.10620233523259753,0.04721089144525507
1730757586731053334,0.09587679891533905,0.036219590234530585
1730757586830768287,0.08395923407998246,0.0303224349765048
1730757586933260716,0.06205305681661447,0.019490213009803622
1730757587033020273,0.047754230168521136,0.014785395030170219
1730757587132046317,0.02724751062722163,0.007164760387476362
1730757587231071205,0.01454706752544686,0.0018867078590542928
1730757587333151090,-0.0015120528986722072,-0.0036182491234406293
1730757587432054336,-0.012725700795263157,-0.01776640407922284
1730757587532065798,-0.02256280397536041,-0.019615398039319932
1730757587630996608,-0.029315151519895048,-0.4168636692968389
1730757587733906504,-0.03270427256648318,-0.3884712652764041
1730757587833095478,-0.04348642300608926,-0.34031559722970167
1730757587932141747,-0.05201384271457764,-0.28857941496574624
1730757588030796415,-0.0517755332680616,-0.24697535818601107
1730757588132808571,-0.04872954995892625,-0.20761694598684685
1730757588231965125,-0.049211877244642495,-0.1708292912272799
1730757588331162032,-0.047475561556591404,-0.135491638685645
1730757588433067788,-0.04326965114008365,-0.10275536190677496
1730757588532040628,-0.03501978719959334,-0.07330987775409455
1730757588630979268,-0.0277590054490145,-0.04477669493445451
1730757588733002204,-0.01660323112053021,-0.014837952020304686
1730757588832059297,-0.008339696452536691,0.014271932042909405
1730757588931068990,-0.0015569970868559834,0.033074549804644034
1730757589030981553,0.009185403091477052,0.05581925139197809
1730757589133122865,0.014524265064042979,0.0717836076257295
1730757589233090555,0.025484151893791104,0.09381576129358833
1730757589332104611,0.03189790442942055,0.10778210428405993
1730757589431873077,0.04009432670544957,0.1255149374581254
1730757589530987390,0.04734929707554655,0.12962998932266784
1730757589633067962,0.051476296707126654,0.13620241611269238
1730757589732244451,0.05836581330715359,0.14461265277751903
1730757589831046906,0.059990204945014974,0.14723347839598128
1730757589934107764,0.4194983000451095,0.14753966267183327
1730757590033093316,0.39455792582510846,0.14042015086973372
1730757590132325710,0.3374022397067534,0.1316063301331827
1730757590232089530,0.2886537597852132,0.12724151463217145
1730757590331134932,0.24408714480593635,0.11537420740830436
1730757590431148707,0.2029100654815527,0.10435512503684581
1730757590533066981,0.1637996698725423,0.09622199676211678
1730757590632890113,0.1314806049832609,0.0826367469227417
1730757590731964992,0.09638942617362281,0.07001265769375926
1730757590831373156,0.0576127826023195,0.04854242453064646
1730757590933065783,0.026456046169506062,0.03241066516944378
1730757591032177337,0.00171404420746513,0.01682061506380566
1730757591131146446,-0.026395773334253265,0.006096637498004246
1730757591231048261,-0.04703646478934794,-0.001991151681089118
1730757591333086943,-0.06667697979559165,-0.014490999897873634
1730757591433093764,-0.08289463757807808,-0.022649788918718633
1730757591532021008,-0.0982784750742171,-0.0352287226532584
1730757591631173218,-0.11286659627621666,-0.04749136306248523
1730757591733117953,-0.12341786479243212,-0.05283897172103827
1730757591832149708,-0.1293898841030236,-0.05357865787530663
1730757591930964751,-0.13248163197257587,-0.061068639277974415
1730757592033072023,-0.13230290255064558,-0.0613940109551812
1730757592132212455,-0.13016628452479553,-0.06126448923944056
1730757592230919292,-0.1195882111459636,-0.05789699422808771
1730757592331207575,-0.11369785605794161,-0.05394014382557983
1730757592433134722,-0.10198135749746765,-0.05305393382413776
1730757592532029092,-0.08953512655374264,-0.05194525849017804
1730757592631089691,-0.07705454164829269,-0.03822804696401586
1730757592733159173,-0.06026341309953062,-0.032896169501339584
1730757592832851434,-0.04555584183640419,-0.02808179134112119
1730757592932009221,-0.028944284445268652,-0.019843820509952908
1730757593032550542,-0.010305278947198711,-0.008493736001590679
1730757593131323269,0.005176134917958506,0.0037066219178722368
1730757593234147690,0.02750018230195527,0.012303935887048872
1730757593333137198,0.03651973403344808,0.01897567939564219
1730757593432217701,0.05169350709152238,0.028735105939473777
1730757593532290390,0.06338329589863441,0.037879012538741694
1730757593729488536,0.06673567436618885,0.04516528295946662
1730757593744058851,0.08110856309825186,0.04994461915128051
1730757593833052592,0.07775668033266386,0.44281175367609266
1730757593933033798,0.08322291212910188,0.4205654699482089
1730757594032348295,0.15921520663799266,0.06567738620473093
1730757594131272949,0.15710123047525978,0.03528084531746787
1730757594233230143,0.1472464959163226,0.03107756691739044
1730757594331995678,0.13143362014701965,0.036003817401960445
1730757594431636206,0.11453442655879906,0.03587996939362632
1730757594533132479,0.10439643815454475,0.027540983912426514
1730757594632256142,0.09205869463371318,0.025815204587139165
1730757594731239630,0.07703540781869231,0.015814859210167728
1730757594831223637,0.06276985385102617,0.012112481366702559
1730757594933181777,0.04486682290792214,-0.001259817250835416
1730757595032271216,0.03520432881972867,-0.0002880731584089285
1730757595131151175,0.019930727815188523,-0.01152438473135588
1730757595233231824,0.0033499210332458727,-0.022196817203638215
1730757595333194924,-0.0024146984463217286,-0.03052386409518262
1730757595431228889,-0.016932438646075937,-0.0368949938862415
1730757595531280202,-0.0289425859361472,-0.03947799159090633
1730757595630963992,-0.03006195203960022,-0.044747721922899865
1730757595733152988,-0.04477401825002306,-0.046777994448516186
1730757595832975052,-0.05064996508220827,-0.04863322237637726
1730757595932289283,-0.053976673777933006,-0.044814583986308
1730757596031155429,-0.05572833493319169,-0.05316220458255797
1730757596132989401,-0.057995582118611014,-0.047712654382209764
1730757596232150915,-0.06019391777091144,-0.044621894201020404
1730757596332254470,-0.05339141052578778,-0.04068800102170812
1730757596431207129,-0.05448616543585224,-0.04142766902273455
1730757596534217773,-0.05130463077282659,-0.03385767186647594
1730757596633196808,-0.043597271346164174,-0.026281031942178904
1730757596732213105,-0.04038845357226245,-0.017239956063504376
1730757596832291485,-0.0351650414385391,-0.017552840344276174
1730757596931316200,-0.021837988817857545,-0.012676474917201024
1730757597031215215,-0.014507304326730702,-0.0032856239970129653
1730757597133271880,-0.007297336984922784,0.0050544230772963565
1730757597233321297,0.0008662288060920468,0.010356363361596328
1730757597332359016,0.006928154828773428,0.018491955528851755
1730757597431330648,0.020779424825551143,0.021757496298655775
1730757597533295590,0.024434500560642208,0.01878407155795911
1730757597632068843,0.0353627137431202,0.029361903937418696
1730757597731271165,0.03718121944613909,0.033490799274293555
1730757597831355345,0.037616274146996025,0.03236431298253484
1730757597933373196,0.050855773167273834,0.03927028218429983
1730757598032387213,0.05367267292526145,0.03686599180707367
1730757598131333801,0.049782677523875676,0.03901382366386944
1730757598233202770,0.05179672696725389,0.042857971917769556
1730757598333013689,0.05374611221517632,0.0350425607850114
1730757598432628538,0.05091260362193506,0.03842281423051732
1730757598531300411,0.052897334990379866,0.03413029123319424
1730757598633339455,0.048444023294381605,0.029852307139892485
1730757598732698250,0.0424805114673231,0.0284123798024841
1730757598831053638,0.04215999155931319,0.030002547621045907
1730757598931373401,0.04111736624725708,0.021510261643660673
1730757599033288923,0.03855063843248218,0.017870213463814854
1730757599132349846,0.030100807509082252,0.013766366665765058
1730757599231597270,0.024500048340202297,0.009123048522010997
1730757599333114716,0.02014476523706896,0.010324064801925803
1730757599433380991,0.01822087444410048,0.003031068565580586
1730757599532638992,0.013476054715786523,-0.0008882433628166988
1730757599632351531,0.008891558021520788,-0.009801209676774945
1730757599731343583,0.0034054807879855247,-0.006963094270883031
1730757599834335055,0.0005754383673669098,-0.005351336005317771
1730757599933389793,-0.0021467227134875926,-0.010553839617066463
1730757600032396706,-0.0013424088699444904,-0.013096978497480595
1730757600132453349,-0.0026333194669980755,-0.012769529134750586
1730757600231378354,-0.002323923350015198,-0.016782812745148704
1730757600331450377,-0.0032981742662430485,-0.01587028842790414
1730757600433386395,-0.00839962168515913,-0.02259452793248168
1730757600532590654,-0.006125416163342921,-0.019593463481644237
1730757600631430923,-0.011116238644063452,-0.01512718383691838
1730757600733461104,-0.0043457811088132075,-0.014074099564708788
1730757600832523282,-0.004870723416360911,-0.009988940854128428
1730757600931224502,-0.004355303393997516,-0.010053700646846598
1730757601033499401,0.0010618637449743358,-0.010492653979795796
1730757601132494122,0.006701239215101251,-0.004661767554879908
1730757601231435439,0.005462891052096307,-0.004854178530932854
1730757601333180547,0.011423645695192504,-0.0006273767094675499
1730757601432352035,0.014953342995601585,0.002137468538885718
1730757601532861302,0.014969310032580719,-0.0003957475227159961
1730757601631223274,0.01972517152230852,0.0027891359668463078
1730757601731310590,0.018818275323640814,0.005782586155289756
1730757601833110146,0.023840406104487157,0.006726458890120531
1730757601933436921,0.024424109112897253,0.004909511359000333
1730757602032298176,0.02860691659933172,0.00908183037187597
1730757602131597146,0.030155314197058244,0.011048184503563468
1730757602231484905,0.02780075664215477,0.014537044075208705
1730757602333488549,0.029559559864285514,0.02097219868033199
1730757602432785115,0.030823342866388333,0.01579511040470588
1730757602531333986,0.030437930123028065,0.017961022905134537
1730757602633686886,0.030396945398208308,0.022563914773405018
1730757602732374213,0.028863630121348006,0.0190154449156855
1730757602831337647,0.0318311245928709,0.021903132827681745
1730757602933800366,0.029907644706865317,0.02285128788584717
1730757603033451312,0.03162366516170791,0.016164125323334142
1730757603132293811,0.028709624173079148,0.01822882758317133
1730757603231390784,0.0205407751804401,0.01657754097779595
1730757603331393912,0.023088158417921483,0.017048818902840684
1730757603433360145,0.01963963963584087,0.01854867244507767
1730757603532378977,0.020722107594647442,0.016277200741738572
1730757603631429667,0.018318629764786366,0.01738920864709319
1730757603733459117,0.01085628393334343,0.000527902490588369
1730757603832563312,0.010292693635124235,0.005560160460595456
1730757603931551860,0.0034504193995052966,0.000984493401209526
1730757604033569277,0.006971625411988613,0.0001844811521526761
1730757604132385218,0.003360626601264916,-0.00017630583995784763
1730757604231628139,0.009182637051262682,-0.0010166974672748202
1730757604333698719,0.014489073044848323,0.005756892522242811
1730757604432606521,0.015400798941466513,0.0036605372102805076
1730757604531710338,0.010428105736600773,0.005836976695894922
1730757604633574935,0.015956796078389363,0.00498154635562745
1730757604732510253,0.012026979848225303,0.005333617210316581
1730757604831352687,0.00904853205439592,-0.00014634783126863077
1730757604933433314,0.013212131316844636,0.00702294253743369
1730757605032370180,0.014730132752599781,0.0026273320665001865
1730757605131380932,0.017326946312747282,0.0023573473382911495
1730757605233295565,0.013971524191578145,-0.002278373722710884
1730757605332505652,0.013219278095696398,0.0010982681439538182
1730757605431806146,0.016515940465239288,0.0004681192040018108
1730757605533578255,0.016474396184894675,0.004075819984563892
1730757605632489831,0.011857034429287584,0.0021745958599355196
1730757605731484284,0.017529170506447804,0.004495236293173611
1730757605833501327,0.01610147974855568,0.00609157461162936
1730757605932612004,0.01778758287986148,0.0028248939321770415
1730757606031497201,0.018632584370356774,0.005576155890943306
1730757606133585082,0.01911039650832094,0.00042464903361008057
1730757606232431280,0.02072316998333833,0.005367716119043812
1730757606331618817,0.017398022721635036,0.0054036672986578806
1730757606433392563,0.01774086532720821,0.007233521815423782
1730757606533402319,0.014524337809092265,0.007155007817897034
1730757606632450572,0.01714281245042666,0.006261616288072914
1730757606731747271,0.016386531918953146,0.010070170165595584
1730757606833705323,0.01962143646449978,0.009158526606211618
1730757606932648796,0.016954250868474307,0.009831947255908129
1730757607031601915,0.0191637534553852,0.001964913733125949
1730757607133514305,0.01979267753083665,0.006852894411804694
1730757607232458162,0.01275921704908263,0.008886395458712996
1730757607331856968,0.018202201537332922,0.008996039903215196
1730757607433499271,0.013485073534490013,0.009027558142643666
1730757607532949457,0.012592108428869486,0.006468008864929353
1730757607631484673,0.0178258081947486,0.012875970605677209
1730757607733442918,0.01617056964677361,0.009609591289344884
1730757607832471662,0.014365863128871231,0.004905060198306984
1730757607931478225,0.016060787297553936,0.007807026336977326
1730757608033490298,0.01402424529418444,0.004773917546285298
1730757608132514822,0.012931735316727172,0.006890038477858528
1730757608231501866,0.01084976755280013,0.00843301863820904
1730757608333530626,0.011469533745237766,0.010844701314112068
1730757608432627254,0.012143669845477824,0.009115402676871713
1730757608531552123,0.011831112048709293,0.005948602887431466
1730757608633593245,0.010156155728625377,0.006851312832308238
1730757608732496294,0.014736815025142826,0.005655179442067493
1730757608831483998,0.011834934175036775,0.004633147849572901
1730757608933522651,0.012193832716269244,0.008363474664739698
1730757609032950585,0.011953682955450694,0.0044801566388280555
1730757609131489306,0.016054836377510626,0.002864396401341914
1730757609233526373,0.0156271615727692,0.004319220439596876
1730757609332594455,0.012387725603673896,0.007710959274190277
1730757609431868572,0.01393825626783221,0.002246467533645265
1730757609533493625,0.013275982256924277,0.0036133607145624027
1730757609632564149,0.010959113556434271,0.008635551442452495
1730757609731655111,0.015265290653206002,0.006617008680833568
1730757609833553293,0.017543437802703808,0.006724701693553086
1730757609932542955,0.014527623730371706,0.00933934382038912
1730757610031585502,0.017167136880791523,0.005533838486364003
1730757610133478203,0.019106423104443434,0.007049403732588041
1730757610232645343,0.0195852701867712,0.004887883314995354
1730757610331401328,0.016017530559554908,0.0009040167576256667
1730757610433498446,0.01888794563616719,0.0046891416805428555
1730757610532912159,0.01733394712276407,0.004079328782692295
1730757610631680927,0.02018550087132036,0.006012035141694052
1730757610733650949,0.01824613720403242,0.007079237415267483
1730757610832971713,0.013307089277246716,0.0026200301032259098
1730757610931494308,0.015172831040855216,0.005119754945832217
1730757611033428537,0.015400789257921732,0.00998591859349243
1730757611132725728,0.017837056287263856,0.010302018289697462
1730757611231698941,0.018924280814768348,0.008343739207074275
1730757611334128363,0.018480286273202556,0.006706193929773733
1730757611432741354,0.01584100215146239,0.0028894983958974666
1730757611531613761,0.013836779712747375,0.0024408509691647073
1730757611633567963,0.01549303427153032,0.007473632809026923
1730757611732704756,0.011592261443150812,0.005164742261742983
1730757611831657449,0.014147182879324706,0.005600732469359522
1730757611933558358,0.011664677958626723,0.00790848099642901
1730757612032607963,0.012460119349331718,0.007280826028893995
1730757612131751866,0.013680461890632878,0.005237097696744743
1730757612233507500,0.01196811789308592,0.006370999103391729
1730757612332714761,0.0131713960925742,0.00399272433975673
1730757612431603010,0.011074345506733025,0.004873464267234707
1730757612533770971,0.010119335810370354,0.008016116574029892
1730757612632650975,0.010472236909788319,0.003952603807936386
1730757612731635280,0.013783279140497805,0.007424559166156451
1730757612833521911,0.008987174509766478,0.005782314483392732
1730757612932701923,0.009003858727235055,0.0032009066400273236
1730757613031609475,0.01326346432095297,0.007996137135843056
1730757613133741181,0.02305285184092413,0.021810447427190988
1730757613233114487,0.023809447590469605,0.01771197011320978
1730757613331778383,0.015765379197899325,0.0198928958946257
1730757613433556183,0.012323247434701012,0.015747741414457922
1730757613533376508,0.016545290725709927,0.015617453075949372
1730757613631776154,0.01730814648153581,0.011167869400614056
1730757613733750392,0.01254969906420234,-0.00609745428755791
1730757613832635064,0.0159718758520766,-0.010249395942219946
1730757613931571032,0.016481143057626747,-0.006831792873367658
1730757614033616184,0.013372372175365823,0.003966518702259557
1730757614132629697,0.014890948832074907,0.004010989527372066
1730757614231566318,0.013579717345203334,0.022061005875273258
1730757614333729292,0.01692932302496013,0.03634444981601186
1730757614432697974,0.012971997066419038,0.04088692664577299
1730757614531827527,0.01420481721165999,0.052146600298439275
1730757614633782756,0.016041636101139383,0.07324730527704013
1730757614732713150,0.01190214442230291,0.07245923930604202
1730757614831824571,0.016267022224745457,0.06886000526009486
1730757614933835681,0.014788120639771283,0.06403380809704946
1730757615032668001,0.013810551292341445,0.017035160959458943
1730757615131845725,0.012554643234601535,-0.03378058781874877
1730757615233823491,0.010513521458463241,-0.04668273981166944
1730757615332798776,0.013701835429184548,-0.04482830727800634
1730757615431794394,0.014613101887629574,-0.045291194779757724
1730757615533648017,0.013761838392002894,-0.042811886942464523
1730757615632808748,0.013710300701981733,-0.03414141777462483
1730757615731759436,0.013684219226415037,-0.025059725896910346
1730757615833721084,0.017201868810680844,-0.002008513291959535
1730757615932749231,0.015623283296637822,0.02176588336455296
1730757616031682773,0.017756905267192064,0.05051647517858746
1730757616133720942,0.010622643918231001,0.05561541190880891
1730757616232690823,0.01505915915568349,0.05819148555356057
1730757616331533693,0.01612910684815473,0.057433763332940035
1730757616433741187,0.018231836578805134,0.03723120690331233
1730757616532771857,0.017355060441553036,0.012940194669961252
1730757616631765710,0.017221208952423902,-0.03430967401294903
1730757616733736743,0.014347993743805618,-0.03678440106172302
1730757616832627440,0.008755042812823998,-0.0331118086306657
1730757616932013147,0.013257763100091035,-0.03317479825478763
1730757617033797433,0.0181718063864571,-0.021280345725478794
1730757617132686189,0.01100552474525448,-0.016323328577903324
1730757617231675576,0.014447515115279684,-0.010919310835317846
1730757617333652585,0.014823744454366924,0.005606972281958605
1730757617432860344,0.007225399946453022,0.012831294147269402
1730757617531894897,0.012768162567753531,0.011249316672840954
1730757617633824340,0.01451674773918503,0.015581088013146454
1730757617732667820,0.014899868971942546,0.014088097040997054
1730757617831913430,0.013661581083780088,0.007906813599783345
1730757617934163361,0.01110635530732415,0.006607966527858066
1730757618032654274,0.013804033846298287,0.010695839969244626
1730757618131821971,0.013313198920816793,0.006226732728438143
1730757618233876450,0.01481622819066059,0.009781820155243554
1730757618332812028,0.013216483433308685,0.011026068077178028
1730757618431847477,0.01276652673451238,0.010573813948629279
1730757618533818421,0.013264548738054978,0.009594039005192982
1730757618632915765,0.017081256849564297,0.00649225152993536
1730757618731788350,0.014878732278980128,0.009017170994886851
1730757618833717201,0.01841919643192427,0.013252924300989325
1730757618932796121,0.01470529278137534,0.00974806398335493
1730757619031936376,0.020064901705017995,0.010335232613004558
1730757619133769379,0.018211468719662546,0.01103295227327262
1730757619232800324,0.01502458363187008,0.010549136826956082
1730757619331735472,0.01758884051801664,0.008870148534497071
1730757619433655225,0.015635485562478037,0.008992725322314555
1730757619532803803,0.018871117169655578,0.00856831874802728
1730757619631929001,0.016591090383613047,0.006403910293646723
1730757619733886565,0.01661919164798245,0.011463201814715362
1730757619832806613,0.01910859391554595,0.01203158424591432
1730757619931775384,0.012713740389288249,0.006404862396496948
1730757620033794618,0.016658440446093534,0.004397340497017149
1730757620132664367,0.012677355331974432,0.00610709137482365
1730757620232170160,0.013063390958676521,0.008181715761227676
1730757620439960595,0.016042694738228485,0.00820082164801906
1730757620699190244,0.012695810851191577,0.007865397929168879
1730757620711413131,0.01745027394042408,0.0031765525007171895
1730757620717811596,0.016563156120653132,0.0010206745204429017
1730757620732664991,0.01675614792598272,-0.003235416155051051
1730757620831728931,0.016851140033577287,4.7671552656804995e-05
1730757620934054427,0.01613927787100521,0.0013378924903886514
1730757621034863412,0.01358416865716104,-0.005911075765365211
1730757621132183909,0.021549722443916623,0.017643219790778448
1730757621233902173,0.016099064860369206,-0.006826696539830631
1730757621332762709,0.016689205125985245,-0.02095979643049533
1730757621432202969,0.020174965584861416,-0.026718129886804595
1730757621533955090,0.01427994962318903,-0.025235875455961225
1730757621633038752,0.015300463459095437,-0.025468348971093683
1730757621732067145,0.01976620981797556,-0.04072876168102503
1730757621833844908,0.014968538588411148,-0.03488509816169326
1730757621932934398,0.016092446230313744,-0.03570333630413443
1730757622031864849,0.01789550977293069,-0.028862813959467392
1730757622133795943,0.01340787662138486,-0.030076393711997527
1730757622235286765,0.01983759078195897,-0.035527502761070744
1730757622331873165,0.018806974023021544,-0.028635732594282245
1730757622433826613,0.012855968383683945,-0.03124413515162975
1730757622532908573,0.018872074938426502,-0.0027066273704613006
1730757622631903567,0.012624458773379333,0.040801612534077644
1730757622734064617,0.014416551531199914,0.048236624942672904
1730757622833244072,0.018049540978221437,0.057256229900653446
1730757622931849711,0.016224624735688066,0.05277091674518633
1730757623033839879,0.018333246287845745,0.056842791766696106
1730757623132999614,0.01452089088703549,0.048196678289055335
1730757623231789444,0.018595041338696747,0.04377525350584575
1730757623334119157,0.01140616738113534,0.03250098600509562
1730757623432950376,0.016381354749805125,0.0233707742050788
1730757623531877765,0.011810403457096988,0.013909857686558644
1730757623633869093,0.01466831780114318,0.003332378878081053
1730757623733000608,0.012365282202045419,0.003354678514560725
1730757623831856828,0.011290596291801788,0.003100821884054924
1730757623933863845,0.011666758504977616,0.005238835449083404
1730757624032785298,0.0109260814981443,0.007701983878446673
1730757624131886762,0.012934509901821616,0.001813713582566532
1730757624233811710,0.014475492464686877,0.00039101720673240297
1730757624333048800,0.011994900684977603,-0.0028067952278224735
1730757624431926733,0.011797209822679783,-0.002225273008075256
1730757624533969909,0.011652951742125748,0.0007653138603599562
1730757624632785421,0.010773060865381769,-0.005496721804482987
1730757624732012178,0.012328568629999028,-0.0014649559497432864
1730757624834122566,0.007891398591141857,-0.0027537352139921168
1730757624933190752,0.015136480243643384,-0.002103048169366088
1730757625032068906,0.013735881744836288,-0.007237042592593615
1730757625134110235,0.015272354367373352,-0.006995283918445222
1730757625233138147,0.019230754548582987,0.0004639102810828775
1730757625332089679,0.012809421953714512,-0.0055953191190308196
1730757625433995429,0.017121897353119638,-0.0005841244961147826
1730757625532975769,0.017314627961581088,0.0032791801651538147
1730757625632098764,0.018801973426593597,0.002060124480963604
1730757625733973873,0.01898618269980004,0.004660957679646808
1730757625832906275,0.016628834614063743,0.00657370793060206
1730757625932326118,0.018163482983742967,0.00804305879357162
1730757626034578376,0.05042424982825146,0.04423480077531908
1730757626133246270,0.032919906396060114,0.021081298750573303
1730757626231911930,0.029280866982417955,0.014219543177650612
1730757626333829841,0.031543823651141445,0.00571578875773619
1730757626433105193,0.03761393741573246,0.012123814022258447
1730757626531916330,0.04475914134986714,0.008484287818759718
1730757626634065774,0.04694516589217121,0.014485352166912484
1730757626733048658,0.048895017574613196,0.00917402098004445
1730757626831990501,0.04692668762406734,0.010064190812223728
1730757626934092867,0.04178909991246557,0.011889970743087572
1730757627033052396,-0.0034990276314082803,0.0155843185012982
1730757627131961803,-0.02361699692415014,0.009138600029007531
1730757627233804129,-0.030799482489152628,0.012298206020716903
1730757627333079792,-0.01869044047616373,0.014168549296451482
1730757627432140002,-0.015390456822359542,0.013139460297067947
1730757627533866624,-0.0031602692227460016,0.010231983786582004
1730757627633019928,0.0018888622989372695,0.007242988641478334
1730757627732020893,0.015369046113372017,0.006287528638012415
1730757627833939658,0.012689302704297412,0.003771287290100068
1730757627933111627,0.013726595631569164,0.007088404283493064
1730757628032086712,0.009584607765457095,0.012321069379920072
1730757628134231179,0.011308148499364097,0.013564408659916063
1730757628232992979,0.009938129536871676,0.012027827992246753
1730757628332186479,0.010409856415328173,0.012260915713213937
1730757628435178146,0.009824442344231564,0.011195399951306084
1730757628534219841,0.008122449954766608,0.006390553874909273
1730757628633345041,0.014764254869803114,0.014251085476991141
1730757628732255652,0.01555780710162989,0.010129508256717979
1730757628833876877,0.013251314250401333,0.0074135746655654144
1730757628933278867,0.01878646115925802,0.01375788829626211
1730757629032057170,0.022263994557214097,0.011649148007703078
1730757629134245954,0.011708207513208894,0.008769602527834191
1730757629233223145,0.018911492006268505,0.008372695945657234
1730757629332110189,0.01669714183346968,0.009865678864365467
1730757629434047410,0.018204223294904055,0.005328587419775057
1730757629533266442,0.016779122740208065,0.004899441795517119
1730757629632091890,0.015974132115501777,0.005813801189147249
1730757629733857955,0.020436035777781747,0.003179301440732202
1730757629833218358,0.01798988823529342,0.0039853743154021955
1730757629932062539,0.011043070632847577,0.009290658779500369
1730757630034186990,0.014019293354182944,0.008966283546518478
1730757630133190018,0.009355333498006546,0.007894775774410515
1730757630231960280,0.006850606747410202,0.007087054959263692
1730757630334165060,0.012077055225857341,0.007662520302965065
1730757630433049909,-0.02562205827989293,0.02712197033803716
1730757630532179166,0.001790698218189235,0.011744744478780541
1730757630634243298,-0.00423939368510475,0.0148556586141707
1730757630733313122,0.012790204899640481,0.009591967162409674
1730757630832231404,0.01878398163970401,0.0075908118972111424
1730757630934178201,0.010366225997716588,0.008012960463221017
1730757631033228443,0.009210956866302683,0.013302353553807758
1730757631132324735,0.0034841824675201985,0.021681407087677504
1730757631234630959,0.0008007423587058421,0.015474209175050564
1730757631333356747,0.0015927499044549073,0.016019676010752507
1730757631432165034,0.007438419778959913,0.011934989174518565
1730757631534087423,0.003046767323423607,0.015398980129980476
1730757631633275789,0.001970205656034858,0.013090406107749478
1730757631732113511,0.0025546287176411346,0.01584209453477912
1730757631834196517,-1.3443810326713648e-16,-1.2187795108157486e-16
1730757631933450243,-1.3511265468445071e-16,-1.2180979665381278e-16
1730757632031982386,-1.3431480263641476e-16,-1.2189000130486387e-16
1730757632134168599,-1.3494919968900924e-16,-1.2182665797199045e-16
1730757632233234939,-1.3447658295673958e-16,-1.2187416466145757e-16
1730757632332203440,-1.3468450382042948e-16,-1.2185349289344315e-16
1730757632434201911,-1.347475868225455e-16,-1.2184715025191464e-16
1730757632533147634,-1.3449683529966375e-16,-1.2187216689388725e-16
1730757632632201665,-1.3480344720977535e-16,-1.2184150626226447e-16
1730757632733018027,-1.3453483916632655e-16,-1.2186840887719762e-16
1730757632832101319,-1.3468111999473474e-16,-1.2185383218590361e-16
1730757632934154817,-1.346785696806215e-16,-1.218540878403567e-16
1730757633032475982,-1.3457423150660633e-16,-1.2186450092977202e-16
1730757633134293802,-1.347215991034402e-16,-1.2184976716686874e-16
1730757633233447651,-1.3460428456175032e-16,-1.2186151084584802e-16
1730757633332262020,-1.3464161773679177e-16,-1.2185778601261534e-16
1730757633434321908,-1.3468778402415843e-16,-1.2185316390044526e-16
1730757633533255297,-1.3461338610575953e-16,-1.2186060382462726e-16
1730757633632346997,-1.3466704036855085e-16,-1.2185524291541067e-16
1730757633734276219,-1.3467146293452291e-16,-1.2185479996670795e-16
1730757633833277327,-1.3463516940745816e-16,-1.2185843020540719e-16
1730757633932305948,-1.3467603987856712e-16,-1.2185434138532904e-16
1730757634034692425,-1.346674732893235e-16,-1.21855199562742e-16
1730757634133182710,-1.3465789819182792e-16,-1.2185615804983245e-16
1730757634232189571,-1.3467928984224348e-16,-1.2185401565372148e-16
1730757634334257750,-1.3467023854948047e-16,-1.2185492261304988e-16
1730757634432934456,-1.3467111311033973e-16,-1.218548350097764e-16
1730757634532162583,-1.346833517716483e-16,-1.2185360841875658e-16
1730757634634309192,-1.3468048292964583e-16,-1.218538960530991e-16
1730757634733285467,-1.3468461717875916e-16,-1.2185348152548582e-16
1730757634832672473,-1.3469279279409503e-16,-1.2185266136620985e-16
1730757634934383673,-1.3469425361777683e-16,-1.2185251476133128e-16
1730757635033444758,-1.347015243669864e-16,-1.2185178482266887e-16
1730757635132239315,-1.347075091728209e-16,-1.2185118365603159e-16
1730757635234246572,-1.347047947795563e-16,-1.2185145635040462e-16
1730757635333493038,-1.3471003890877403e-16,-1.2185092945778336e-16
1730757635432268961,-1.3471563385539324e-16,-1.2185036706617857e-16
1730757635534359182,-1.347172998186505e-16,-1.2185019955711503e-16
1730757635633230860,-1.347241493264003e-16,-1.2184951061191439e-16
1730757635732310797,-1.3472730632279903e-16,-1.2184919294026871e-16
1730757635834497338,-1.3472904459220646e-16,-1.2184901799225374e-16
1730757635933481431,-1.3473576016326322e-16,-1.2184834186870484e-16
1730757636032330194,-1.3473836216189152e-16,-1.218480797990449e-16
1730757636135731578,-1.3474108725171106e-16,-1.2184780527163885e-16
1730757636234242192,-1.3474541671158577e-16,-1.2184736899229732e-16
1730757636333296054,-1.3475026008579207e-16,-1.2184688074168788e-16
1730757636432324056,-1.347529851484984e-16,-1.218466059482186e-16
1730757636534245384,-1.3475712018169998e-16,-1.218461888566962e-16
1730757636633391026,-1.3476219995537872e-16,-1.2184567627728346e-16
1730757636732593788,-1.3476678630061022e-16,-1.218452133039669e-16
1730757636834640887,-1.347715377854702e-16,-1.2184473347653608e-16
1730757636933428051,-1.3477530141212867e-16,-1.218443532748502e-16
1730757637032376111,-1.3477860291522335e-16,-1.2184401966020585e-16
1730757637134175403,-1.347784485332726e-16,-1.2184403526241121e-16
1730757637233283076,-1.3478164641735733e-16,-1.2184371203632898e-16
1730757637332244416,-1.34786634285774e-16,-1.218432077183485e-16
1730757637434650001,-1.347891735951084e-16,-1.2184295089229012e-16
1730757637533310045,-1.347917754790339e-16,-1.218426876819747e-16
1730757637632238589,-1.347972361845677e-16,-1.2184213508663575e-16
1730757637734285481,-1.3480090793143173e-16,-1.218417633857072e-16
1730757637833299626,-1.3480535052532988e-16,-1.2184131350038613e-16
1730757637932367805,-1.3480897044296485e-16,-1.2184094680349965e-16
1730757638034310941,-1.348114794502845e-16,-1.2184069257783927e-16
1730757638133507550,-1.3481551067743362e-16,-1.2184028400364866e-16
1730757638232414409,-1.3481952137667267e-16,-1.2183987737628831e-16
1730757638334267437,-1.348255886864114e-16,-1.2183926198462002e-16
1730757638433421406,-1.3483085279646577e-16,-1.2183872781212766e-16
1730757638532322328,-1.3483252937610648e-16,-1.2183855763394213e-16
1730757638634355316,-1.3483704417193232e-16,-1.2183809925185883e-16
1730757638733370876,-1.3484046859170594e-16,-1.2183775146169409e-16
1730757638832351747,-1.3484121891140687e-16,-1.21837675244903e-16
1730757638934267151,-1.3484446843114414e-16,-1.2183734510776068e-16
1730757639033296874,-1.3484681325276137e-16,-1.2183710682964336e-16
1730757639132267395,-1.3484845852001228e-16,-1.218369396122295e-16
1730757639234332023,-1.3484883854578765e-16,-1.2183690098496227e-16
1730757639333417981,-1.3485255116444618e-16,-1.2183652355726162e-16
1730757639432293509,-1.34856479685557e-16,-1.2183612405628484e-16
1730757639534405710,-1.3485931785128399e-16,-1.218358353565996e-16
1730757639633556692,-1.3486388331043115e-16,-1.2183537081558354e-16
1730757639732451213,-1.3486583729740903e-16,-1.2183517194221354e-16
1730757639834436437,-1.3486912777720737e-16,-1.2183483697139253e-16
1730757639933420496,-1.348723664436613e-16,-1.2183450718748975e-16
1730757640032484118,-1.3487578102688827e-16,-1.2183415939629778e-16
1730757640134365205,-1.3487721034429503e-16,-1.2183401378496001e-16
1730757640233447399,-1.34880366935937e-16,-1.2183369214798564e-16
1730757640332379789,-1.3488194088227876e-16,-1.2183353174180947e-16
1730757640434403850,-1.3488524105272317e-16,-1.218331953436176e-16
1730757640533459448,-1.3488884021657983e-16,-1.2183282836498814e-16
1730757640632360445,-1.3489308709083335e-16,-1.2183239520621636e-16
1730757640734454381,-1.348976739768165e-16,-1.2183192720001942e-16
1730757640833257419,-1.3490050126632014e-16,-1.2183163864091316e-16
1730757640932489648,-1.3490416192230175e-16,-1.218312649281867e-16
1730757641034483132,-1.3490589993935985e-16,-1.2183108745684522e-16
1730757641133777151,-1.3490695894952505e-16,-1.2183097930755956e-16
1730757641232381462,-1.3490893337921957e-16,-1.218307776480567e-16
1730757641334438248,-1.3491118524686183e-16,-1.2183054761280492e-16
1730757641433746623,-1.349158228225695e-16,-1.2183007373759266e-16
1730757641532488672,-1.3491808441048134e-16,-1.2182984258006707e-16
1730757641634427879,-1.3492156040184564e-16,-1.218294872153225e-16
1730757641733426513,-1.3492426456030954e-16,-1.2182921068889161e-16
1730757641832559609,-1.349286354275142e-16,-1.2182876359708343e-16
1730757641934542393,-1.3493233702107833e-16,-1.2182838484071446e-16
1730757642033492840,-1.349329642082192e-16,-1.218283206540886e-16
1730757642132437795,-1.3493632681749978e-16,-1.218279764674409e-16
1730757642234500596,-1.3494014172601024e-16,-1.2182758587123848e-16
1730757642333471568,-1.349425576289694e-16,-1.2182733845228336e-16
1730757642432525990,-1.349450879133529e-16,-1.2182707926732308e-16
1730757642534774350,-1.3494806945007935e-16,-1.2182677379101624e-16
1730757642633824561,-1.3495000278866124e-16,-1.2182657566948357e-16
1730757642732593752,-1.3495352944267082e-16,-1.2182621419090051e-16
1730757642834398687,-1.3495662429555399e-16,-1.2182589688652042e-16
1730757642933410143,-1.3495826941069388e-16,-1.218257281863115e-16
1730757643032547280,-1.349623314346711e-16,-1.2182531154528127e-16
1730757643134576676,-1.3496332885991327e-16,-1.2182520921863332e-16
1730757643233570319,-1.3496612574841173e-16,-1.2182492223960678e-16
1730757643332611628,-1.3496940516942968e-16,-1.218245856669465e-16
1730757643434394256,-1.3497060875081912e-16,-1.2182446211892497e-16
1730757643533505204,-1.3497275794540097e-16,-1.218242414735153e-16
1730757643632612439,-1.349759250619478e-16,-1.2182391625409573e-16
1730757643734335726,-1.3498011982239418e-16,-1.2182348538166342e-16
1730757643833332959,-1.3498365716712038e-16,-1.2182312192343801e-16
1730757643932477471,-1.349819602844366e-16,-1.2182329628919448e-16
1730757644035126156,-1.3498333767104947e-16,-1.218231547555671e-16
1730757644133564274,-1.349860837607197e-16,-1.218228725336271e-16
1730757644232483195,-1.3498991902012016e-16,-1.2182247827052087e-16
1730757644334454664,-1.3499126615694668e-16,-1.2182233975644624e-16
1730757644433523374,-1.3499640645708825e-16,-1.21821811086875e-16
1730757644532477220,-1.3499756899092657e-16,-1.2182169149220701e-16
1730757644634618063,-1.3499783668131642e-16,-1.2182166395220058e-16
1730757644735176114,-1.349995540522654e-16,-1.218214872548142e-16
1730757644832491424,-1.3500093141785124e-16,-1.21821345522323e-16
1730757644934601520,-1.3500403587501338e-16,-1.2182102601242538e-16
1730757645033465417,-1.3500345079960198e-16,-1.218210862343437e-16
1730757645132572123,-1.350054455801633e-16,-1.2182088089955435e-16
1730757645234523890,-1.3500542506970726e-16,-1.2182088301098718e-16
1730757645333421678,-1.350075018886043e-16,-1.2182066919677633e-16
1730757645432767042,-1.350071003558792e-16,-1.218207105384637e-16
1730757645534549535,-1.3500865363039037e-16,-1.2182055060637154e-16
1730757645633615760,-1.3501065813067753e-16,-1.2182034418447388e-16
1730757645732685512,-1.3501509021497379e-16,-1.2181988765351188e-16
1730757645834601601,-1.3501659167701331e-16,-1.2181973295706475e-16
1730757645933564538,-1.3501635528258855e-16,-1.2181975731415087e-16
1730757646032641364,-1.3501737211871037e-16,-1.2181965254034685e-16
1730757646134574683,-1.3501731058811993e-16,-1.218196588806428e-16
1730757646233847644,-1.350204678577475e-16,-1.2181933350560039e-16
1730757646332654770,-1.3502296563379844e-16,-1.2181907603662473e-16
1730757646434529305,-1.3502422096536173e-16,-1.2181894661839843e-16
1730757646533538024,-1.3502662696564117e-16,-1.2181869853560584e-16
1730757646632517139,-1.3503068770245585e-16,-1.218182797239295e-16
1730757646734605795,-1.3503251835806643e-16,-1.218180908711055e-16
1730757646833430195,-1.3503325882349346e-16,-1.2181801447582743e-16
1730757646932517796,-1.350351499493263e-16,-1.218178193440025e-16
1730757647034595430,-1.3503733031977888e-16,-1.218175943302573e-16
1730757647133580376,-1.3504183356091944e-16,-1.2181712947192137e-16
1730757647232706252,-1.350450522950623e-16,-1.2181679710692973e-16
1730757647334619623,-1.350467080695361e-16,-1.2181662609894582e-16
1730757647433640365,-1.3504810588793512e-16,-1.21816481714896e-16
1730757647532640693,-1.3504968934664694e-16,-1.2181631813602507e-16
1730757647633051515,-1.3505093281196984e-16,-1.2181618966551794e-16
1730757647733623865,-1.3505287676714407e-16,-1.2181598879713442e-16
1730757647832552586,-1.3505339055956769e-16,-1.2181593570185824e-16
1730757647934605742,-1.3505590983026612e-16,-1.2181567532888707e-16
1730757648033806158,-1.3506049503704003e-16,-1.218152013010827e-16
1730757648132645111,-1.3506395010540094e-16,-1.2181484399399435e-16
1730757648234740941,-1.3506715799637962e-16,-1.218145121601702e-16
1730757648333564034,-1.3506925627285695e-16,-1.2181429506199534e-16
1730757648432707896,-1.35069091142036e-16,-1.2181431214857996e-16
1730757648534588796,-1.3507016078811118e-16,-1.2181420146505715e-16
1730757648633506719,-1.350702838424065e-16,-1.2181418873118706e-16
1730757648732669796,-1.350722785100096e-16,-1.2181398230202892e-16
1730757648834578837,-1.3507260771253657e-16,-1.2181394822951932e-16
1730757648933739980,-1.3507100377553482e-16,-1.2181411422875113e-16
1730757649032709406,-1.3507193958213117e-16,-1.2181401738017444e-16
1730757649134615311,-1.3507320353181166e-16,-1.2181388655985082e-16
1730757649233661482,-1.3507417062941972e-16,-1.2181378645512527e-16
1730757649332725069,-1.3507313227965239e-16,-1.2181389393488818e-16
1730757649434472939,-1.3507548637828603e-16,-1.2181365024888402e-16
1730757649533784325,-1.350783240191392e-16,-1.2181335644758342e-16
1730757649632754196,-1.3507752205483842e-16,-1.2181343948746955e-16
1730757649734659044,-1.350796915648719e-16,-1.2181321483191178e-16
1730757649833535580,-1.3508396904674306e-16,-1.2181277177874814e-16
1730757649932804489,-1.3508560319929575e-16,-1.2181260247636045e-16
1730757650034756046,-1.3508396904674306e-16,-1.2181277177874814e-16
1730757650133705163,-1.35085429405013e-16,-1.2181262048294607e-16
1730757650232650434,-1.350868681931465e-16,-1.218124714045443e-16
1730757650334614052,-1.3508743377145735e-16,-1.218124127980855e-16
1730757650433620130,-1.3509019907320739e-16,-1.2181212621327006e-16
1730757650532788323,-1.350907549256395e-16,-1.2181206859928783e-16
1730757650634647269,-1.3509176302685552e-16,-1.2181196410327757e-16
1730757650733688756,-1.350955353560877e-16,-1.2181157300288933e-16
1730757650832737970,-1.3509662548724342e-16,-1.2181145996034927e-16
1730757650934636050,-1.3509587533690922e-16,-1.218115377492027e-16
1730757651033721852,-1.3509657474632071e-16,-1.2181146522221276e-16
1730757651132705079,-1.351010777594785e-16,-1.21810998173925e-16
1730757651234876007,-1.3510285650677057e-16,-1.2181081363757125e-16
1730757651333893167,-1.3510348360247843e-16,-1.218107485731915e-16
1730757651432968761,-1.3510515980468903e-16,-1.2181057464264034e-16
1730757651534627288,-1.3510461474307587e-16,-1.218106312033309e-16
1730757651633631634,-1.3510833629005786e-16,-1.2181024497176473e-16
1730757651732764243,-1.3511131847001263e-16,-1.2180993539063528e-16
1730757651834776500,-1.3511131847001263e-16,-1.2180993539063528e-16
1730757651933624848,-1.3511235678568012e-16,-1.2180982758540769e-16
1730757652033134999,-1.3511475182046915e-16,-1.2180957888195136e-16
1730757652134773129,-1.3511796063475938e-16,-1.2180924559999068e-16
1730757652233806430,-1.351198106032258e-16,-1.2180905341507175e-16
1730757652332680232,-1.351217123696888e-16,-1.218088558194881e-16
1730757652434817664,-1.3512353210143542e-16,-1.2180866671930146e-16
1730757652533647515,-1.3512537340109854e-16,-1.2180847534988257e-16
1730757652632699894,-1.35127645361982e-16,-1.2180823918233285e-16
1730757652732743279,-1.3512732589644218e-16,-1.2180827239297237e-16
1730757652834493794,-1.3512804579548548e-16,-1.2180819755332081e-16
1730757652933699839,-1.351283134598378e-16,-1.218081697262295e-16
1730757653032687284,-1.3512884772519067e-16,-1.2180811418081804e-16
1730757653134898414,-1.351289200339893e-16,-1.2180810666298224e-16
1730757653233947596,-1.3513117148012401e-16,-1.2180787256184442e-16
1730757653332637988,-1.3513212774717825e-16,-1.2180777311826577e-16
1730757653434824245,-1.3513212774717825e-16,-1.2180777311826577e-16
1730757653533976398,-1.3513231337993938e-16,-1.2180775381316995e-16
1730757653632953774,-1.3513448172531778e-16,-1.2180752829238078e-16
1730757653734793419,-1.3513350495253648e-16,-1.2180762988737683e-16
1730757653833871437,-1.3513699110132315e-16,-1.218072672536777e-16
1730757653932848903,-1.351367752396411e-16,-1.2180728971081774e-16
1730757654034806488,-1.3513664140831982e-16,-1.2180730363374642e-16
1730757654133783047,-1.3513639425324679e-16,-1.218073293457407e-16
1730757654232850345,-1.3513810170245476e-16,-1.2180715170633098e-16
1730757654334860111,-1.3513835857901545e-16,-1.2180712497934245e-16
1730757654434020309,-1.351388010875392e-16,-1.2180707893679926e-16
1730757654532738313,-1.351372684857229e-16,-1.2180723839546257e-16
1730757654634611463,-1.3513883131684652e-16,-1.218070757914126e-16
1730757654733715321,-1.3513859494795675e-16,-1.2180710038560668e-16
1730757654832800325,-1.3513937636290537e-16,-1.2180701907757747e-16
1730757654934778980,-1.351410525146361e-16,-1.2180684465302868e-16
1730757655033848224,-1.351426250623398e-16,-1.2180668098857675e-16
1730757655132626501,-1.3514136012712887e-16,-1.2180681263956991e-16
1730757655234736821,-1.3514061000689728e-16,-1.218068907037578e-16
1730757655333902574,-1.351410730221394e-16,-1.2180684251882215e-16
1730757655432810550,-1.351402192999018e-16,-1.218069313623559e-16
1730757655534692359,-1.3514120578877693e-16,-1.218068287017741e-16
1730757655633869023,-1.351437766730868e-16,-1.2180656112053627e-16
